{
  "metrics": {
    "accuracy": 0.9012658227848102,
    "precision": 0.14285714285714285,
    "recall": 0.003257328990228013,
    "f1": 0.006369426751592357,
    "roc_auc": 0.6779285990745212,
    "pr_auc": 0.17572385234131885,
    "confusion_matrix": [
      [
        2847,
        6
      ],
      [
        306,
        1
      ]
    ],
    "positive_rate_train": 0.0970013450431205,
    "positive_rate_test": 0.09715189873417722
  },
  "cv_metrics": {
    "accuracy": {
      "mean": 0.9011789759208148,
      "std": 0.0006680390883820157
    },
    "precision": {
      "mean": 0.17948717948717946,
      "std": 0.10848305539131373
    },
    "recall": {
      "mean": 0.005710967313754771,
      "std": 0.004163771578727128
    },
    "f1": {
      "mean": 0.011019340872023166,
      "std": 0.007926499266182514
    },
    "roc_auc": {
      "mean": 0.6773645766683607,
      "std": 0.007555812052543844
    },
    "average_precision": {
      "mean": 0.16771579679526863,
      "std": 0.007668925639927537
    }
  }
}