{
  "metrics": {
    "accuracy": 0.7205696202531645,
    "precision": 0.19747899159663865,
    "recall": 0.6123778501628665,
    "f1": 0.29864972200158857,
    "roc_auc": 0.674953845943067,
    "pr_auc": 0.1720764921932598,
    "confusion_matrix": [
      [
        2089,
        764
      ],
      [
        119,
        188
      ]
    ],
    "positive_rate_train": 0.0970013450431205,
    "positive_rate_test": 0.09715189873417722
  },
  "cv_metrics": {
    "accuracy": {
      "mean": 0.7275894704282359,
      "std": 0.007556579855384977
    },
    "precision": {
      "mean": 0.19682259121272877,
      "std": 0.004581353996148691
    },
    "recall": {
      "mean": 0.5864476522316243,
      "std": 0.011257599338714676
    },
    "f1": {
      "mean": 0.29467794701635497,
      "std": 0.005282507201619012
    },
    "roc_auc": {
      "mean": 0.6822178608433251,
      "std": 0.009442950047199054
    },
    "average_precision": {
      "mean": 0.16942244769373316,
      "std": 0.006285376623778799
    }
  }
}