{
  "metrics": {
    "accuracy": 0.6680379746835443,
    "precision": 0.17682926829268292,
    "recall": 0.6612377850162866,
    "f1": 0.27903780068728523,
    "roc_auc": 0.6706489882642535,
    "pr_auc": 0.17624349515080695,
    "confusion_matrix": [
      [
        1908,
        945
      ],
      [
        104,
        203
      ]
    ],
    "positive_rate_train": 0.0970013450431205,
    "positive_rate_test": 0.09715189873417722
  },
  "cv_metrics": {
    "accuracy": {
      "mean": 0.6751326809695792,
      "std": 0.009571681610028164
    },
    "precision": {
      "mean": 0.1803894189313152,
      "std": 0.005772782655332873
    },
    "recall": {
      "mean": 0.6623062883690062,
      "std": 0.0155644319408904
    },
    "f1": {
      "mean": 0.28351665492035244,
      "std": 0.008045638344380102
    },
    "roc_auc": {
      "mean": 0.6771335355360513,
      "std": 0.01256195753395934
    },
    "average_precision": {
      "mean": 0.17318494854350602,
      "std": 0.012887726165937153
    }
  }
}