{
  "metrics": {
    "accuracy": 0.7503164556962025,
    "precision": 0.19875,
    "recall": 0.5179153094462541,
    "f1": 0.2872628726287263,
    "roc_auc": 0.6799106261081825,
    "pr_auc": 0.1670158209149875,
    "confusion_matrix": [
      [
        2212,
        641
      ],
      [
        148,
        159
      ]
    ],
    "positive_rate_train": 0.0970013450431205,
    "positive_rate_test": 0.09715189873417722
  },
  "cv_metrics": {
    "accuracy": {
      "mean": 0.7612147665967048,
      "std": 0.006908996032493985
    },
    "precision": {
      "mean": 0.19611111550006588,
      "std": 0.0064021866423361
    },
    "recall": {
      "mean": 0.47145843703334994,
      "std": 0.022419626771329207
    },
    "f1": {
      "mean": 0.2769069786547861,
      "std": 0.009173507269108436
    },
    "roc_auc": {
      "mean": 0.6838426880699333,
      "std": 0.0018665103277179075
    },
    "average_precision": {
      "mean": 0.17145463822899978,
      "std": 0.0027611768125465675
    }
  }
}