{
  "metrics": {
    "accuracy": 0.7503164556962025,
    "precision": 0.19023136246786632,
    "recall": 0.4820846905537459,
    "f1": 0.2728110599078341,
    "roc_auc": 0.6745000119880667,
    "pr_auc": 0.16373323666910689,
    "confusion_matrix": [
      [
        2223,
        630
      ],
      [
        159,
        148
      ]
    ],
    "positive_rate_train": 0.0970013450431205,
    "positive_rate_test": 0.09715189873417722
  },
  "cv_metrics": {
    "accuracy": {
      "mean": 0.7631147217644377,
      "std": 0.007156765664774918
    },
    "precision": {
      "mean": 0.18668071688769405,
      "std": 0.00803411936368347
    },
    "recall": {
      "mean": 0.4290260494441679,
      "std": 0.014090749242965632
    },
    "f1": {
      "mean": 0.2601088207436488,
      "std": 0.009782468996520093
    },
    "roc_auc": {
      "mean": 0.6660876047287774,
      "std": 0.006990591555989898
    },
    "average_precision": {
      "mean": 0.16329743514078385,
      "std": 0.0054207916249259585
    }
  }
}