model,roc_auc,pr_auc,f1,recall,precision,accuracy,cv_roc_auc_mean,cv_roc_auc_std
random_forest,0.6799106261081825,0.1670158209149875,0.2872628726287263,0.5179153094462541,0.19875,0.7503164556962025,0.6838426880699333,0.0018665103277179075
xgboost,0.6779285990745212,0.17572385234131885,0.006369426751592357,0.003257328990228013,0.14285714285714285,0.9012658227848102,0.6773645766683607,0.007555812052543844
catboost,0.674953845943067,0.1720764921932598,0.29864972200158857,0.6123778501628665,0.19747899159663865,0.7205696202531645,0.6822178608433251,0.009442950047199054
lightgbm,0.6745000119880667,0.16373323666910689,0.2728110599078341,0.4820846905537459,0.19023136246786632,0.7503164556962025,0.6660876047287774,0.006990591555989898
logistic_regression,0.6706489882642535,0.17624349515080695,0.27903780068728523,0.6612377850162866,0.17682926829268292,0.6680379746835443,0.6771335355360513,0.01256195753395934
