Donor_ID,Group,Assignment_Date
DON01099,Treatment,2026-06-18
DON01634,Control,2026-06-18
DON02218,Treatment,2026-06-18
DON00518,Treatment,2026-06-18
DON01426,Treatment,2026-06-18
DON02326,Treatment,2026-06-18
DON01328,Treatment,2026-06-18
DON02818,Treatment,2026-06-18
DON00965,Treatment,2026-06-18
DON03204,Treatment,2026-06-18
DON01797,Treatment,2026-06-18
DON03498,Control,2026-06-18
DON01360,Treatment,2026-06-18
DON00534,Treatment,2026-06-18
DON02958,Treatment,2026-06-18
DON02055,Treatment,2026-06-18
DON00822,Treatment,2026-06-18
DON02309,Treatment,2026-06-18
DON02121,Treatment,2026-06-18
DON03076,Treatment,2026-06-18
DON02362,Treatment,2026-06-18
DON01819,Treatment,2026-06-18
DON00652,Treatment,2026-06-18
DON02213,Treatment,2026-06-18
DON03249,Treatment,2026-06-18
DON02584,Treatment,2026-06-18
DON00712,Treatment,2026-06-18
DON03258,Treatment,2026-06-18
DON00366,Treatment,2026-06-18
DON01387,Treatment,2026-06-18
DON00921,Treatment,2026-06-18
DON00471,Treatment,2026-06-18
DON00201,Treatment,2026-06-18
DON02605,Control,2026-06-18
DON02302,Control,2026-06-18
DON02971,Treatment,2026-06-18
DON02590,Treatment,2026-06-18
DON01541,Treatment,2026-06-18
DON01061,Treatment,2026-06-18
DON00037,Treatment,2026-06-18
DON00183,Treatment,2026-06-18
DON03263,Treatment,2026-06-18
DON02052,Treatment,2026-06-18
DON03055,Control,2026-06-18
DON01561,Treatment,2026-06-18
DON01953,Treatment,2026-06-18
DON03302,Treatment,2026-06-18
DON01580,Treatment,2026-06-18
DON02394,Treatment,2026-06-18
DON02247,Treatment,2026-06-18
DON01556,Control,2026-06-18
DON00301,Treatment,2026-06-18
DON03460,Control,2026-06-18
DON00281,Treatment,2026-06-18
DON00991,Treatment,2026-06-18
DON00272,Control,2026-06-18
DON01507,Treatment,2026-06-18
DON00665,Treatment,2026-06-18
DON03000,Treatment,2026-06-18
DON02959,Treatment,2026-06-18
DON00672,Treatment,2026-06-18
DON01864,Treatment,2026-06-18
DON01436,Treatment,2026-06-18
DON00812,Treatment,2026-06-18
DON03158,Treatment,2026-06-18
DON03225,Treatment,2026-06-18
DON01430,Treatment,2026-06-18
DON00278,Treatment,2026-06-18
DON02813,Treatment,2026-06-18
DON00785,Control,2026-06-18
DON00677,Treatment,2026-06-18
DON01211,Treatment,2026-06-18
DON00845,Treatment,2026-06-18
DON00693,Treatment,2026-06-18
DON00049,Treatment,2026-06-18
DON02032,Treatment,2026-06-18
DON01842,Treatment,2026-06-18
DON00358,Treatment,2026-06-18
DON00914,Treatment,2026-06-18
DON01057,Treatment,2026-06-18
DON01602,Treatment,2026-06-18
DON02340,Treatment,2026-06-18
DON00337,Treatment,2026-06-18
DON00713,Treatment,2026-06-18
DON00120,Treatment,2026-06-18
DON01990,Treatment,2026-06-18
DON02661,Treatment,2026-06-18
DON00617,Treatment,2026-06-18
DON01920,Treatment,2026-06-18
DON02256,Treatment,2026-06-18
DON01734,Treatment,2026-06-18
DON01056,Treatment,2026-06-18
DON00322,Treatment,2026-06-18
DON02518,Treatment,2026-06-18
DON01877,Treatment,2026-06-18
DON00174,Treatment,2026-06-18
DON01956,Treatment,2026-06-18
DON00451,Treatment,2026-06-18
DON02236,Treatment,2026-06-18
DON02859,Treatment,2026-06-18
DON01368,Treatment,2026-06-18
DON00044,Treatment,2026-06-18
DON00512,Treatment,2026-06-18
DON02356,Treatment,2026-06-18
DON00434,Control,2026-06-18
DON01376,Treatment,2026-06-18
DON02553,Treatment,2026-06-18
DON01892,Treatment,2026-06-18
DON01196,Treatment,2026-06-18
DON00053,Treatment,2026-06-18
DON02208,Treatment,2026-06-18
DON00421,Treatment,2026-06-18
DON00586,Control,2026-06-18
DON03477,Treatment,2026-06-18
DON00976,Treatment,2026-06-18
DON02265,Treatment,2026-06-18
DON00690,Treatment,2026-06-18
DON03310,Treatment,2026-06-18
DON00566,Treatment,2026-06-18
DON02317,Treatment,2026-06-18
DON02587,Treatment,2026-06-18
DON00265,Treatment,2026-06-18
DON00966,Treatment,2026-06-18
DON01571,Treatment,2026-06-18
DON00807,Treatment,2026-06-18
DON01523,Treatment,2026-06-18
DON02306,Treatment,2026-06-18
DON02730,Treatment,2026-06-18
DON00349,Treatment,2026-06-18
DON00399,Treatment,2026-06-18
DON02489,Treatment,2026-06-18
DON00635,Treatment,2026-06-18
DON02670,Treatment,2026-06-18
DON03110,Treatment,2026-06-18
DON00032,Control,2026-06-18
DON00151,Treatment,2026-06-18
DON00955,Treatment,2026-06-18
DON03248,Treatment,2026-06-18
DON01951,Treatment,2026-06-18
DON00019,Control,2026-06-18
DON00425,Control,2026-06-18
DON00814,Treatment,2026-06-18
DON02620,Treatment,2026-06-18
DON00164,Treatment,2026-06-18
DON01917,Treatment,2026-06-18
DON01736,Treatment,2026-06-18
DON02307,Treatment,2026-06-18
DON01125,Treatment,2026-06-18
DON01846,Treatment,2026-06-18
DON02263,Treatment,2026-06-18
DON01868,Control,2026-06-18
DON01881,Treatment,2026-06-18
DON01518,Treatment,2026-06-18
DON03438,Treatment,2026-06-18
DON02048,Control,2026-06-18
DON02080,Treatment,2026-06-18
DON03487,Treatment,2026-06-18
DON02918,Treatment,2026-06-18
DON00182,Treatment,2026-06-18
DON01585,Treatment,2026-06-18
DON01575,Treatment,2026-06-18
DON02776,Treatment,2026-06-18
DON02596,Treatment,2026-06-18
DON02597,Treatment,2026-06-18
DON02452,Treatment,2026-06-18
DON01977,Treatment,2026-06-18
DON00736,Treatment,2026-06-18
DON03067,Treatment,2026-06-18
DON00802,Treatment,2026-06-18
DON02957,Treatment,2026-06-18
DON00332,Treatment,2026-06-18
DON02185,Treatment,2026-06-18
DON00464,Treatment,2026-06-18
DON01754,Treatment,2026-06-18
DON01013,Treatment,2026-06-18
DON01887,Treatment,2026-06-18
DON01492,Treatment,2026-06-18
DON02758,Treatment,2026-06-18
DON02407,Control,2026-06-18
DON00383,Treatment,2026-06-18
DON00559,Treatment,2026-06-18
DON00502,Treatment,2026-06-18
DON02412,Control,2026-06-18
DON02427,Treatment,2026-06-18
DON02894,Treatment,2026-06-18
DON01865,Treatment,2026-06-18
DON02753,Treatment,2026-06-18
DON01906,Treatment,2026-06-18
DON02026,Treatment,2026-06-18
DON01594,Treatment,2026-06-18
DON00855,Treatment,2026-06-18
DON02320,Treatment,2026-06-18
DON02435,Control,2026-06-18
DON00020,Treatment,2026-06-18
DON01144,Treatment,2026-06-18
DON01230,Treatment,2026-06-18
DON03471,Treatment,2026-06-18
DON02178,Treatment,2026-06-18
DON01095,Treatment,2026-06-18
DON03140,Treatment,2026-06-18
DON01473,Treatment,2026-06-18
DON02490,Treatment,2026-06-18
DON01768,Treatment,2026-06-18
DON00155,Treatment,2026-06-18
DON00010,Treatment,2026-06-18
DON01962,Treatment,2026-06-18
DON01777,Treatment,2026-06-18
DON02638,Treatment,2026-06-18
DON00408,Treatment,2026-06-18
DON01173,Treatment,2026-06-18
DON03132,Treatment,2026-06-18
DON03375,Treatment,2026-06-18
DON01336,Treatment,2026-06-18
DON01880,Treatment,2026-06-18
DON03073,Treatment,2026-06-18
DON00801,Treatment,2026-06-18
DON01269,Treatment,2026-06-18
DON02508,Treatment,2026-06-18
DON01599,Treatment,2026-06-18
DON00563,Treatment,2026-06-18
DON03455,Treatment,2026-06-18
DON02445,Treatment,2026-06-18
DON00082,Treatment,2026-06-18
DON00916,Treatment,2026-06-18
DON01121,Treatment,2026-06-18
DON02539,Treatment,2026-06-18
DON01152,Control,2026-06-18
DON00945,Treatment,2026-06-18
DON01870,Treatment,2026-06-18
DON00510,Treatment,2026-06-18
DON01053,Treatment,2026-06-18
DON01470,Treatment,2026-06-18
DON03178,Treatment,2026-06-18
DON01605,Treatment,2026-06-18
DON00922,Treatment,2026-06-18
DON03421,Treatment,2026-06-18
DON02683,Treatment,2026-06-18
DON02850,Treatment,2026-06-18
DON01189,Treatment,2026-06-18
DON01355,Treatment,2026-06-18
DON00491,Control,2026-06-18
DON02920,Control,2026-06-18
DON02972,Control,2026-06-18
DON00402,Treatment,2026-06-18
DON03347,Treatment,2026-06-18
DON00412,Control,2026-06-18
DON01898,Treatment,2026-06-18
DON01157,Control,2026-06-18
DON03394,Control,2026-06-18
DON01563,Treatment,2026-06-18
DON02056,Treatment,2026-06-18
DON02308,Treatment,2026-06-18
DON01226,Treatment,2026-06-18
DON00627,Treatment,2026-06-18
DON01611,Treatment,2026-06-18
DON02471,Treatment,2026-06-18
DON00206,Control,2026-06-18
DON02198,Treatment,2026-06-18
DON01582,Treatment,2026-06-18
DON00264,Treatment,2026-06-18
DON02266,Treatment,2026-06-18
DON02659,Control,2026-06-18
DON02678,Treatment,2026-06-18
DON02062,Treatment,2026-06-18
DON03322,Treatment,2026-06-18
DON01960,Treatment,2026-06-18
DON01535,Treatment,2026-06-18
DON00475,Treatment,2026-06-18
DON02675,Treatment,2026-06-18
DON02676,Treatment,2026-06-18
DON00530,Treatment,2026-06-18
DON01109,Treatment,2026-06-18
DON00940,Treatment,2026-06-18
DON03161,Control,2026-06-18
DON01005,Treatment,2026-06-18
DON01874,Treatment,2026-06-18
DON01357,Treatment,2026-06-18
DON00286,Treatment,2026-06-18
DON00261,Treatment,2026-06-18
DON00597,Treatment,2026-06-18
DON00237,Treatment,2026-06-18
DON02542,Treatment,2026-06-18
DON01161,Treatment,2026-06-18
DON01088,Treatment,2026-06-18
DON00382,Treatment,2026-06-18
DON02319,Treatment,2026-06-18
DON01966,Treatment,2026-06-18
DON01074,Treatment,2026-06-18
DON00289,Treatment,2026-06-18
DON03033,Treatment,2026-06-18
DON03036,Treatment,2026-06-18
DON02805,Treatment,2026-06-18
DON00074,Treatment,2026-06-18
DON02978,Treatment,2026-06-18
DON01318,Treatment,2026-06-18
DON00114,Treatment,2026-06-18
DON02640,Treatment,2026-06-18
DON02451,Treatment,2026-06-18
DON02817,Treatment,2026-06-18
DON00979,Treatment,2026-06-18
DON01022,Treatment,2026-06-18
DON01619,Treatment,2026-06-18
DON03112,Treatment,2026-06-18
DON02167,Treatment,2026-06-18
DON02161,Treatment,2026-06-18
DON02823,Control,2026-06-18
DON02533,Treatment,2026-06-18
DON00800,Treatment,2026-06-18
DON02579,Treatment,2026-06-18
DON02421,Treatment,2026-06-18
DON01090,Treatment,2026-06-18
DON02671,Treatment,2026-06-18
DON00757,Treatment,2026-06-18
DON01528,Control,2026-06-18
DON02618,Treatment,2026-06-18
DON02964,Treatment,2026-06-18
DON01289,Treatment,2026-06-18
DON02588,Treatment,2026-06-18
DON02642,Treatment,2026-06-18
DON01367,Treatment,2026-06-18
DON02343,Treatment,2026-06-18
DON02111,Treatment,2026-06-18
DON00234,Treatment,2026-06-18
DON00789,Treatment,2026-06-18
DON03312,Control,2026-06-18
DON00565,Treatment,2026-06-18
DON02652,Treatment,2026-06-18
DON02965,Treatment,2026-06-18
DON03409,Treatment,2026-06-18
DON02205,Treatment,2026-06-18
DON00988,Treatment,2026-06-18
DON03469,Treatment,2026-06-18
DON00172,Treatment,2026-06-18
DON03280,Treatment,2026-06-18
DON00396,Treatment,2026-06-18
DON01974,Treatment,2026-06-18
DON03083,Treatment,2026-06-18
DON03472,Treatment,2026-06-18
DON02792,Treatment,2026-06-18
DON00507,Treatment,2026-06-18
DON01766,Treatment,2026-06-18
DON01940,Treatment,2026-06-18
DON02975,Treatment,2026-06-18
DON03075,Treatment,2026-06-18
DON03362,Treatment,2026-06-18
DON01288,Treatment,2026-06-18
DON01118,Treatment,2026-06-18
DON03473,Treatment,2026-06-18
DON02087,Treatment,2026-06-18
DON02735,Treatment,2026-06-18
DON01460,Treatment,2026-06-18
DON01675,Treatment,2026-06-18
DON01222,Treatment,2026-06-18
DON00393,Treatment,2026-06-18
DON03326,Treatment,2026-06-18
DON03118,Treatment,2026-06-18
DON00299,Treatment,2026-06-18
DON02153,Treatment,2026-06-18
DON02100,Control,2026-06-18
DON02641,Treatment,2026-06-18
DON00733,Treatment,2026-06-18
DON01442,Treatment,2026-06-18
DON00660,Treatment,2026-06-18
DON01896,Treatment,2026-06-18
DON02015,Control,2026-06-18
DON00450,Treatment,2026-06-18
DON02540,Control,2026-06-18
DON00285,Control,2026-06-18
DON02199,Treatment,2026-06-18
DON01025,Treatment,2026-06-18
DON03294,Treatment,2026-06-18
DON02990,Treatment,2026-06-18
DON03377,Treatment,2026-06-18
DON02534,Treatment,2026-06-18
DON00211,Treatment,2026-06-18
DON02928,Treatment,2026-06-18
DON01420,Treatment,2026-06-18
DON02779,Treatment,2026-06-18
DON02754,Treatment,2026-06-18
DON00698,Treatment,2026-06-18
DON01200,Treatment,2026-06-18
DON01662,Treatment,2026-06-18
DON00350,Treatment,2026-06-18
DON00219,Treatment,2026-06-18
DON02845,Treatment,2026-06-18
DON02794,Treatment,2026-06-18
DON03323,Treatment,2026-06-18
DON01307,Treatment,2026-06-18
DON01820,Treatment,2026-06-18
DON00909,Treatment,2026-06-18
DON02615,Control,2026-06-18
DON01699,Treatment,2026-06-18
DON02341,Treatment,2026-06-18
DON02616,Treatment,2026-06-18
DON01686,Treatment,2026-06-18
DON00029,Control,2026-06-18
DON01302,Treatment,2026-06-18
DON01235,Treatment,2026-06-18
DON02523,Treatment,2026-06-18
DON01666,Treatment,2026-06-18
DON00290,Treatment,2026-06-18
DON03349,Control,2026-06-18
DON00362,Treatment,2026-06-18
DON01207,Treatment,2026-06-18
DON00342,Treatment,2026-06-18
DON02635,Treatment,2026-06-18
DON03446,Treatment,2026-06-18
DON00371,Treatment,2026-06-18
DON01643,Control,2026-06-18
DON00060,Treatment,2026-06-18
DON03198,Treatment,2026-06-18
DON01490,Control,2026-06-18
DON00163,Control,2026-06-18
DON03398,Treatment,2026-06-18
DON00828,Treatment,2026-06-18
DON01738,Treatment,2026-06-18
DON00764,Treatment,2026-06-18
DON01964,Treatment,2026-06-18
DON00858,Treatment,2026-06-18
DON00770,Treatment,2026-06-18
DON00439,Treatment,2026-06-18
DON00068,Treatment,2026-06-18
DON00852,Treatment,2026-06-18
DON02129,Treatment,2026-06-18
DON01358,Treatment,2026-06-18
DON03069,Treatment,2026-06-18
DON01667,Treatment,2026-06-18
DON01172,Treatment,2026-06-18
DON01429,Treatment,2026-06-18
DON00928,Treatment,2026-06-18
DON00894,Treatment,2026-06-18
DON01929,Treatment,2026-06-18
DON02598,Treatment,2026-06-18
DON03004,Treatment,2026-06-18
DON03461,Treatment,2026-06-18
DON01673,Treatment,2026-06-18
DON01184,Treatment,2026-06-18
DON02852,Treatment,2026-06-18
DON01322,Treatment,2026-06-18
DON02752,Treatment,2026-06-18
DON02565,Treatment,2026-06-18
DON00817,Control,2026-06-18
DON02163,Treatment,2026-06-18
DON01132,Treatment,2026-06-18
DON02112,Treatment,2026-06-18
DON01034,Control,2026-06-18
DON03144,Control,2026-06-18
DON01949,Treatment,2026-06-18
DON01744,Treatment,2026-06-18
DON03030,Treatment,2026-06-18
DON02551,Treatment,2026-06-18
DON02602,Treatment,2026-06-18
DON01272,Treatment,2026-06-18
DON00609,Control,2026-06-18
DON03086,Treatment,2026-06-18
DON02272,Treatment,2026-06-18
DON00841,Treatment,2026-06-18
DON00418,Treatment,2026-06-18
DON02768,Treatment,2026-06-18
DON02277,Treatment,2026-06-18
DON00167,Treatment,2026-06-18
DON00874,Treatment,2026-06-18
DON01139,Treatment,2026-06-18
DON00400,Treatment,2026-06-18
DON02621,Control,2026-06-18
DON00186,Treatment,2026-06-18
DON02848,Treatment,2026-06-18
DON02712,Treatment,2026-06-18
DON00376,Treatment,2026-06-18
DON00224,Control,2026-06-18
DON00295,Treatment,2026-06-18
DON00122,Control,2026-06-18
DON01340,Treatment,2026-06-18
DON02581,Treatment,2026-06-18
DON00851,Treatment,2026-06-18
DON02415,Control,2026-06-18
DON02707,Treatment,2026-06-18
DON01627,Treatment,2026-06-18
DON01187,Control,2026-06-18
DON00608,Treatment,2026-06-18
DON01206,Treatment,2026-06-18
DON02624,Treatment,2026-06-18
DON02122,Treatment,2026-06-18
DON02030,Treatment,2026-06-18
DON02041,Treatment,2026-06-18
DON00461,Control,2026-06-18
DON03025,Treatment,2026-06-18
DON01481,Treatment,2026-06-18
DON01669,Control,2026-06-18
DON01270,Treatment,2026-06-18
DON03050,Treatment,2026-06-18
DON02528,Treatment,2026-06-18
DON00058,Treatment,2026-06-18
DON01899,Treatment,2026-06-18
DON01491,Treatment,2026-06-18
DON01433,Treatment,2026-06-18
DON02099,Treatment,2026-06-18
DON00430,Treatment,2026-06-18
DON01646,Control,2026-06-18
DON00446,Control,2026-06-18
DON00458,Treatment,2026-06-18
DON01393,Treatment,2026-06-18
DON00415,Treatment,2026-06-18
DON03395,Treatment,2026-06-18
DON03316,Treatment,2026-06-18
DON01405,Treatment,2026-06-18
DON01177,Control,2026-06-18
DON01687,Treatment,2026-06-18
DON02457,Control,2026-06-18
DON01808,Treatment,2026-06-18
DON00585,Treatment,2026-06-18
DON02985,Treatment,2026-06-18
DON01534,Control,2026-06-18
DON00196,Treatment,2026-06-18
DON00463,Treatment,2026-06-18
DON01251,Treatment,2026-06-18
DON01084,Treatment,2026-06-18
DON01680,Treatment,2026-06-18
DON03027,Control,2026-06-18
DON01893,Treatment,2026-06-18
DON01526,Treatment,2026-06-18
DON01091,Treatment,2026-06-18
DON00085,Control,2026-06-18
DON03015,Treatment,2026-06-18
DON01077,Treatment,2026-06-18
DON01215,Treatment,2026-06-18
DON02708,Treatment,2026-06-18
DON01395,Treatment,2026-06-18
DON02506,Treatment,2026-06-18
DON01194,Treatment,2026-06-18
DON03231,Treatment,2026-06-18
DON01448,Control,2026-06-18
DON02442,Control,2026-06-18
DON02349,Treatment,2026-06-18
DON00212,Treatment,2026-06-18
DON03352,Control,2026-06-18
DON01715,Treatment,2026-06-18
DON01708,Treatment,2026-06-18
DON00225,Treatment,2026-06-18
DON00038,Treatment,2026-06-18
DON02149,Control,2026-06-18
DON03122,Treatment,2026-06-18
DON00296,Treatment,2026-06-18
DON00994,Treatment,2026-06-18
DON03341,Treatment,2026-06-18
DON00226,Treatment,2026-06-18
DON00598,Treatment,2026-06-18
DON02110,Treatment,2026-06-18
DON01806,Treatment,2026-06-18
DON01312,Treatment,2026-06-18
DON03143,Treatment,2026-06-18
DON03194,Treatment,2026-06-18
DON02522,Treatment,2026-06-18
DON00309,Treatment,2026-06-18
DON02060,Treatment,2026-06-18
DON00595,Treatment,2026-06-18
DON00957,Treatment,2026-06-18
DON01970,Treatment,2026-06-18
DON01027,Treatment,2026-06-18
DON02172,Treatment,2026-06-18
DON01778,Treatment,2026-06-18
DON02860,Treatment,2026-06-18
DON01372,Treatment,2026-06-18
DON02891,Treatment,2026-06-18
DON01183,Treatment,2026-06-18
DON01227,Treatment,2026-06-18
DON02751,Treatment,2026-06-18
DON03410,Treatment,2026-06-18
DON00659,Control,2026-06-18
DON02425,Treatment,2026-06-18
DON01983,Treatment,2026-06-18
DON00978,Treatment,2026-06-18
DON02344,Treatment,2026-06-18
DON01371,Treatment,2026-06-18
DON03418,Treatment,2026-06-18
DON03450,Control,2026-06-18
DON00173,Treatment,2026-06-18
DON01691,Control,2026-06-18
DON01268,Treatment,2026-06-18
DON01967,Treatment,2026-06-18
DON00423,Treatment,2026-06-18
DON03327,Control,2026-06-18
DON03335,Treatment,2026-06-18
DON01930,Treatment,2026-06-18
DON00310,Treatment,2026-06-18
DON00263,Treatment,2026-06-18
DON02810,Treatment,2026-06-18
DON00939,Treatment,2026-06-18
DON01497,Treatment,2026-06-18
DON02355,Treatment,2026-06-18
DON02796,Treatment,2026-06-18
DON00433,Treatment,2026-06-18
DON02159,Treatment,2026-06-18
DON01665,Treatment,2026-06-18
DON01816,Treatment,2026-06-18
DON02784,Treatment,2026-06-18
DON01199,Treatment,2026-06-18
DON03371,Treatment,2026-06-18
DON00378,Treatment,2026-06-18
DON01914,Treatment,2026-06-18
DON01347,Treatment,2026-06-18
DON00859,Treatment,2026-06-18
DON01171,Treatment,2026-06-18
DON00148,Treatment,2026-06-18
DON00492,Treatment,2026-06-18
DON00277,Treatment,2026-06-18
DON00027,Treatment,2026-06-18
DON00884,Treatment,2026-06-18
DON02310,Treatment,2026-06-18
DON00899,Treatment,2026-06-18
DON01963,Treatment,2026-06-18
DON01159,Treatment,2026-06-18
DON02926,Treatment,2026-06-18
DON03431,Treatment,2026-06-18
DON03336,Treatment,2026-06-18
DON00345,Control,2026-06-18
DON00678,Treatment,2026-06-18
DON02630,Treatment,2026-06-18
DON01902,Treatment,2026-06-18
DON02361,Treatment,2026-06-18
DON00247,Treatment,2026-06-18
DON02089,Treatment,2026-06-18
DON00987,Treatment,2026-06-18
DON00590,Treatment,2026-06-18
DON01717,Treatment,2026-06-18
DON01857,Treatment,2026-06-18
DON03448,Treatment,2026-06-18
DON03241,Treatment,2026-06-18
DON00561,Treatment,2026-06-18
DON02995,Treatment,2026-06-18
DON01815,Treatment,2026-06-18
DON00575,Treatment,2026-06-18
DON01770,Treatment,2026-06-18
DON00361,Treatment,2026-06-18
DON00455,Treatment,2026-06-18
DON02732,Treatment,2026-06-18
DON02578,Treatment,2026-06-18
DON00392,Treatment,2026-06-18
DON00018,Treatment,2026-06-18
DON02145,Treatment,2026-06-18
DON01692,Treatment,2026-06-18
DON00752,Treatment,2026-06-18
DON01607,Treatment,2026-06-18
DON02828,Treatment,2026-06-18
DON02526,Treatment,2026-06-18
DON01659,Treatment,2026-06-18
DON03382,Treatment,2026-06-18
DON00525,Treatment,2026-06-18
DON01309,Treatment,2026-06-18
DON03262,Treatment,2026-06-18
DON01382,Treatment,2026-06-18
DON01980,Treatment,2026-06-18
DON00521,Treatment,2026-06-18
DON00112,Treatment,2026-06-18
DON00327,Treatment,2026-06-18
DON02022,Treatment,2026-06-18
DON03078,Treatment,2026-06-18
DON02004,Treatment,2026-06-18
DON03426,Treatment,2026-06-18
DON01352,Treatment,2026-06-18
DON03325,Treatment,2026-06-18
DON01191,Control,2026-06-18
DON03046,Treatment,2026-06-18
DON00819,Treatment,2026-06-18
DON02704,Treatment,2026-06-18
DON01863,Treatment,2026-06-18
DON01757,Treatment,2026-06-18
DON01499,Treatment,2026-06-18
DON02014,Treatment,2026-06-18
DON02930,Treatment,2026-06-18
DON02931,Treatment,2026-06-18
DON00066,Treatment,2026-06-18
DON02423,Treatment,2026-06-18
DON00537,Treatment,2026-06-18
DON00982,Treatment,2026-06-18
DON02895,Control,2026-06-18
DON02497,Treatment,2026-06-18
DON01578,Treatment,2026-06-18
DON02612,Control,2026-06-18
DON00275,Treatment,2026-06-18
DON01423,Treatment,2026-06-18
DON02822,Treatment,2026-06-18
DON02454,Treatment,2026-06-18
DON00513,Treatment,2026-06-18
DON00344,Control,2026-06-18
DON03247,Treatment,2026-06-18
DON00866,Treatment,2026-06-18
DON01453,Treatment,2026-06-18
DON02330,Treatment,2026-06-18
DON02520,Treatment,2026-06-18
DON02211,Treatment,2026-06-18
DON02255,Treatment,2026-06-18
DON02512,Treatment,2026-06-18
DON00556,Treatment,2026-06-18
DON01136,Treatment,2026-06-18
DON01338,Treatment,2026-06-18
DON02063,Treatment,2026-06-18
DON01282,Treatment,2026-06-18
DON01769,Treatment,2026-06-18
DON03177,Treatment,2026-06-18
DON01480,Treatment,2026-06-18
DON00052,Treatment,2026-06-18
DON02095,Treatment,2026-06-18
DON00687,Treatment,2026-06-18
DON01876,Treatment,2026-06-18
DON03356,Control,2026-06-18
DON01588,Treatment,2026-06-18
DON02439,Treatment,2026-06-18
DON01948,Treatment,2026-06-18
DON01996,Treatment,2026-06-18
DON02633,Treatment,2026-06-18
DON01514,Treatment,2026-06-18
DON00915,Treatment,2026-06-18
DON03428,Treatment,2026-06-18
DON00420,Treatment,2026-06-18
DON01794,Control,2026-06-18
DON01406,Treatment,2026-06-18
DON01141,Control,2026-06-18
DON01807,Treatment,2026-06-18
DON00685,Treatment,2026-06-18
DON01004,Control,2026-06-18
DON00533,Treatment,2026-06-18
DON03105,Treatment,2026-06-18
DON01156,Treatment,2026-06-18
DON00216,Treatment,2026-06-18
DON00098,Treatment,2026-06-18
DON02815,Treatment,2026-06-18
DON01465,Treatment,2026-06-18
DON02170,Treatment,2026-06-18
DON01947,Treatment,2026-06-18
DON01813,Treatment,2026-06-18
DON02097,Treatment,2026-06-18
DON00709,Treatment,2026-06-18
DON00539,Treatment,2026-06-18
DON03229,Treatment,2026-06-18
DON00847,Treatment,2026-06-18
DON02557,Treatment,2026-06-18
DON03226,Treatment,2026-06-18
DON00398,Treatment,2026-06-18
DON02934,Treatment,2026-06-18
DON00506,Treatment,2026-06-18
DON03045,Treatment,2026-06-18
DON01138,Treatment,2026-06-18
DON03167,Treatment,2026-06-18
DON02801,Treatment,2026-06-18
DON01566,Treatment,2026-06-18
DON02697,Treatment,2026-06-18
DON01598,Treatment,2026-06-18
DON02737,Control,2026-06-18
DON02329,Treatment,2026-06-18
DON00283,Treatment,2026-06-18
DON03402,Control,2026-06-18
DON00745,Treatment,2026-06-18
DON01209,Treatment,2026-06-18
DON02869,Treatment,2026-06-18
DON00179,Treatment,2026-06-18
DON00823,Treatment,2026-06-18
DON01241,Treatment,2026-06-18
DON00829,Treatment,2026-06-18
DON02368,Treatment,2026-06-18
DON01101,Treatment,2026-06-18
DON03232,Treatment,2026-06-18
DON02935,Treatment,2026-06-18
DON01969,Treatment,2026-06-18
DON00553,Treatment,2026-06-18
DON02994,Treatment,2026-06-18
DON03087,Treatment,2026-06-18
DON02747,Treatment,2026-06-18
DON01214,Treatment,2026-06-18
DON02262,Treatment,2026-06-18
DON00280,Treatment,2026-06-18
DON02476,Treatment,2026-06-18
DON01238,Treatment,2026-06-18
DON03201,Treatment,2026-06-18
DON00711,Treatment,2026-06-18
DON01374,Treatment,2026-06-18
DON00549,Treatment,2026-06-18
DON03116,Treatment,2026-06-18
DON03254,Treatment,2026-06-18
DON03366,Treatment,2026-06-18
DON00205,Treatment,2026-06-18
DON03043,Treatment,2026-06-18
DON00130,Treatment,2026-06-18
DON03292,Treatment,2026-06-18
DON03430,Treatment,2026-06-18
DON03211,Control,2026-06-18
DON01900,Treatment,2026-06-18
DON02181,Treatment,2026-06-18
DON03080,Treatment,2026-06-18
DON01431,Control,2026-06-18
DON01540,Treatment,2026-06-18
DON03345,Treatment,2026-06-18
DON02016,Treatment,2026-06-18
DON00100,Treatment,2026-06-18
DON01875,Treatment,2026-06-18
DON02064,Treatment,2026-06-18
DON01204,Control,2026-06-18
DON00494,Treatment,2026-06-18
DON00876,Treatment,2026-06-18
DON03245,Control,2026-06-18
DON00428,Treatment,2026-06-18
DON01859,Treatment,2026-06-18
DON03449,Treatment,2026-06-18
DON02837,Treatment,2026-06-18
DON02135,Treatment,2026-06-18
DON00989,Treatment,2026-06-18
DON01844,Control,2026-06-18
DON03206,Control,2026-06-18
DON02144,Treatment,2026-06-18
DON00548,Treatment,2026-06-18
DON00951,Control,2026-06-18
DON00302,Treatment,2026-06-18
DON00244,Treatment,2026-06-18
DON00497,Control,2026-06-18
DON02469,Treatment,2026-06-18
DON03381,Treatment,2026-06-18
DON02654,Treatment,2026-06-18
DON02608,Treatment,2026-06-18
DON01705,Treatment,2026-06-18
DON03115,Treatment,2026-06-18
DON02431,Treatment,2026-06-18
DON01502,Treatment,2026-06-18
DON02950,Treatment,2026-06-18
DON01208,Treatment,2026-06-18
DON01635,Treatment,2026-06-18
DON00483,Control,2026-06-18
DON01059,Treatment,2026-06-18
DON03492,Treatment,2026-06-18
DON00438,Treatment,2026-06-18
DON02179,Treatment,2026-06-18
DON00035,Treatment,2026-06-18
DON03387,Treatment,2026-06-18
DON02449,Treatment,2026-06-18
DON00407,Treatment,2026-06-18
DON02937,Treatment,2026-06-18
DON02248,Treatment,2026-06-18
DON02230,Control,2026-06-18
DON01486,Treatment,2026-06-18
DON01478,Treatment,2026-06-18
DON03348,Treatment,2026-06-18
DON01532,Treatment,2026-06-18
DON00339,Treatment,2026-06-18
DON02071,Treatment,2026-06-18
DON01085,Control,2026-06-18
DON03376,Treatment,2026-06-18
DON03130,Treatment,2026-06-18
DON02220,Treatment,2026-06-18
DON01457,Control,2026-06-18
DON00741,Treatment,2026-06-18
DON01933,Treatment,2026-06-18
DON00041,Treatment,2026-06-18
DON01039,Treatment,2026-06-18
DON02352,Treatment,2026-06-18
DON02692,Treatment,2026-06-18
DON02643,Treatment,2026-06-18
DON02367,Treatment,2026-06-18
DON01032,Treatment,2026-06-18
DON02024,Treatment,2026-06-18
DON02025,Treatment,2026-06-18
DON00126,Treatment,2026-06-18
DON01337,Treatment,2026-06-18
DON03215,Treatment,2026-06-18
DON02892,Treatment,2026-06-18
DON02870,Treatment,2026-06-18
DON01965,Treatment,2026-06-18
DON01733,Treatment,2026-06-18
DON00081,Treatment,2026-06-18
DON00314,Treatment,2026-06-18
DON01728,Treatment,2026-06-18
DON02861,Control,2026-06-18
DON00305,Treatment,2026-06-18
DON01811,Treatment,2026-06-18
DON03034,Treatment,2026-06-18
DON01971,Treatment,2026-06-18
DON02260,Treatment,2026-06-18
DON02912,Treatment,2026-06-18
DON02514,Treatment,2026-06-18
DON03185,Treatment,2026-06-18
DON03246,Treatment,2026-06-18
DON00813,Treatment,2026-06-18
DON00390,Treatment,2026-06-18
DON03049,Treatment,2026-06-18
DON00057,Treatment,2026-06-18
DON03024,Treatment,2026-06-18
DON00077,Treatment,2026-06-18
DON02915,Treatment,2026-06-18
DON00184,Treatment,2026-06-18
DON03228,Treatment,2026-06-18
DON00760,Treatment,2026-06-18
DON01116,Treatment,2026-06-18
DON02709,Treatment,2026-06-18
DON02420,Treatment,2026-06-18
DON02658,Treatment,2026-06-18
DON00391,Treatment,2026-06-18
DON01638,Treatment,2026-06-18
DON00101,Treatment,2026-06-18
DON01603,Treatment,2026-06-18
DON00293,Treatment,2026-06-18
DON01941,Treatment,2026-06-18
DON01873,Treatment,2026-06-18
DON03145,Treatment,2026-06-18
DON01092,Treatment,2026-06-18
DON01843,Treatment,2026-06-18
DON00704,Treatment,2026-06-18
DON00935,Treatment,2026-06-18
DON00054,Treatment,2026-06-18
DON02566,Treatment,2026-06-18
DON01186,Treatment,2026-06-18
DON03172,Treatment,2026-06-18
DON02465,Treatment,2026-06-18
DON02283,Treatment,2026-06-18
DON01660,Treatment,2026-06-18
DON01252,Treatment,2026-06-18
DON02093,Treatment,2026-06-18
DON01749,Treatment,2026-06-18
DON03084,Treatment,2026-06-18
DON01979,Treatment,2026-06-18
DON02502,Control,2026-06-18
DON01694,Treatment,2026-06-18
DON00684,Treatment,2026-06-18
DON01879,Treatment,2026-06-18
DON00573,Treatment,2026-06-18
DON02499,Treatment,2026-06-18
DON01143,Treatment,2026-06-18
DON01623,Treatment,2026-06-18
DON00495,Treatment,2026-06-18
DON00145,Treatment,2026-06-18
DON03308,Treatment,2026-06-18
DON01753,Treatment,2026-06-18
DON02468,Treatment,2026-06-18
DON00535,Treatment,2026-06-18
DON02718,Treatment,2026-06-18
DON01988,Control,2026-06-18
DON00422,Treatment,2026-06-18
DON03193,Treatment,2026-06-18
DON02426,Treatment,2026-06-18
DON02564,Treatment,2026-06-18
DON01110,Control,2026-06-18
DON01428,Treatment,2026-06-18
DON01461,Treatment,2026-06-18
DON01145,Treatment,2026-06-18
DON00516,Treatment,2026-06-18
DON02858,Treatment,2026-06-18
DON00865,Treatment,2026-06-18
DON02644,Treatment,2026-06-18
DON01636,Treatment,2026-06-18
DON00118,Treatment,2026-06-18
DON00487,Control,2026-06-18
DON03307,Treatment,2026-06-18
DON02674,Treatment,2026-06-18
DON00732,Treatment,2026-06-18
DON01455,Treatment,2026-06-18
DON02491,Treatment,2026-06-18
DON00203,Control,2026-06-18
DON00426,Treatment,2026-06-18
DON02767,Treatment,2026-06-18
DON00832,Treatment,2026-06-18
DON00908,Treatment,2026-06-18
DON02390,Treatment,2026-06-18
DON02628,Treatment,2026-06-18
DON01671,Treatment,2026-06-18
DON02003,Treatment,2026-06-18
DON01299,Treatment,2026-06-18
DON00250,Treatment,2026-06-18
DON01848,Treatment,2026-06-18
DON01681,Treatment,2026-06-18
DON02681,Treatment,2026-06-18
DON02126,Treatment,2026-06-18
DON00710,Treatment,2026-06-18
DON02267,Treatment,2026-06-18
DON01663,Treatment,2026-06-18
DON02599,Control,2026-06-18
DON01883,Treatment,2026-06-18
DON03340,Treatment,2026-06-18
DON03061,Treatment,2026-06-18
DON03393,Treatment,2026-06-18
DON02650,Treatment,2026-06-18
DON02548,Treatment,2026-06-18
DON01981,Treatment,2026-06-18
DON00069,Treatment,2026-06-18
DON01725,Treatment,2026-06-18
DON02853,Treatment,2026-06-18
DON03220,Treatment,2026-06-18
DON00025,Treatment,2026-06-18
DON02403,Treatment,2026-06-18
DON02723,Treatment,2026-06-18
DON00505,Treatment,2026-06-18
DON00568,Treatment,2026-06-18
DON00708,Treatment,2026-06-18
DON00079,Treatment,2026-06-18
DON01786,Treatment,2026-06-18
DON01449,Treatment,2026-06-18
DON03423,Treatment,2026-06-18
DON02607,Treatment,2026-06-18
DON00168,Treatment,2026-06-18
DON00210,Treatment,2026-06-18
DON03320,Control,2026-06-18
DON00532,Treatment,2026-06-18
DON01126,Control,2026-06-18
DON00132,Treatment,2026-06-18
DON02682,Treatment,2026-06-18
DON02285,Treatment,2026-06-18
DON01798,Treatment,2026-06-18
DON00240,Treatment,2026-06-18
DON01651,Treatment,2026-06-18
DON02123,Treatment,2026-06-18
DON02509,Treatment,2026-06-18
DON02593,Treatment,2026-06-18
DON03240,Treatment,2026-06-18
DON00369,Treatment,2026-06-18
DON02728,Treatment,2026-06-18
DON02388,Control,2026-06-18
DON00816,Control,2026-06-18
DON00429,Treatment,2026-06-18
DON01469,Treatment,2026-06-18
DON03209,Control,2026-06-18
DON03038,Treatment,2026-06-18
DON02137,Treatment,2026-06-18
DON01285,Control,2026-06-18
DON00213,Treatment,2026-06-18
DON00416,Treatment,2026-06-18
DON01986,Treatment,2026-06-18
DON01248,Control,2026-06-18
DON03092,Control,2026-06-18
DON00758,Control,2026-06-18
DON03271,Treatment,2026-06-18
DON03117,Treatment,2026-06-18
DON01115,Treatment,2026-06-18
DON02406,Treatment,2026-06-18
DON02042,Treatment,2026-06-18
DON00517,Treatment,2026-06-18
DON01351,Treatment,2026-06-18
DON00730,Treatment,2026-06-18
DON01631,Treatment,2026-06-18
DON00165,Treatment,2026-06-18
DON02932,Treatment,2026-06-18
DON03374,Treatment,2026-06-18
DON01287,Treatment,2026-06-18
DON02764,Treatment,2026-06-18
DON02914,Treatment,2026-06-18
DON02544,Treatment,2026-06-18
DON03056,Treatment,2026-06-18
DON02321,Treatment,2026-06-18
DON01830,Treatment,2026-06-18
DON02727,Treatment,2026-06-18
DON01179,Treatment,2026-06-18
DON02430,Treatment,2026-06-18
DON00669,Treatment,2026-06-18
DON02945,Treatment,2026-06-18
DON01434,Treatment,2026-06-18
DON01574,Treatment,2026-06-18
DON02816,Treatment,2026-06-18
DON03329,Control,2026-06-18
DON00159,Treatment,2026-06-18
DON03165,Control,2026-06-18
DON00755,Treatment,2026-06-18
DON02147,Treatment,2026-06-18
DON01262,Treatment,2026-06-18
DON00312,Treatment,2026-06-18
DON01327,Treatment,2026-06-18
DON02174,Treatment,2026-06-18
DON00529,Control,2026-06-18
DON01527,Treatment,2026-06-18
DON02951,Treatment,2026-06-18
DON01885,Treatment,2026-06-18
DON01919,Treatment,2026-06-18
DON00091,Treatment,2026-06-18
DON02466,Treatment,2026-06-18
DON02703,Treatment,2026-06-18
DON02249,Treatment,2026-06-18
DON03212,Treatment,2026-06-18
DON02992,Treatment,2026-06-18
DON02748,Treatment,2026-06-18
DON00161,Treatment,2026-06-18
DON03388,Control,2026-06-18
DON01511,Treatment,2026-06-18
DON00622,Treatment,2026-06-18
DON01783,Treatment,2026-06-18
DON03017,Treatment,2026-06-18
DON02807,Control,2026-06-18
DON02162,Treatment,2026-06-18
DON00389,Treatment,2026-06-18
DON03191,Treatment,2026-06-18
DON03444,Treatment,2026-06-18
DON02868,Control,2026-06-18
DON00977,Treatment,2026-06-18
DON01781,Treatment,2026-06-18
DON01752,Treatment,2026-06-18
DON01513,Control,2026-06-18
DON03192,Treatment,2026-06-18
DON00317,Control,2026-06-18
DON01069,Treatment,2026-06-18
DON01122,Treatment,2026-06-18
DON02793,Treatment,2026-06-18
DON02075,Treatment,2026-06-18
DON00538,Treatment,2026-06-18
DON02821,Treatment,2026-06-18
DON01407,Treatment,2026-06-18
DON01544,Treatment,2026-06-18
DON01291,Treatment,2026-06-18
DON03413,Treatment,2026-06-18
DON02480,Control,2026-06-18
DON01298,Treatment,2026-06-18
DON00588,Control,2026-06-18
DON03390,Control,2026-06-18
DON02292,Treatment,2026-06-18
DON01836,Treatment,2026-06-18
DON02019,Treatment,2026-06-18
DON03070,Treatment,2026-06-18
DON02202,Treatment,2026-06-18
DON00033,Treatment,2026-06-18
DON02962,Treatment,2026-06-18
DON00961,Treatment,2026-06-18
DON02790,Treatment,2026-06-18
DON02195,Treatment,2026-06-18
DON00898,Treatment,2026-06-18
DON00674,Treatment,2026-06-18
DON00932,Treatment,2026-06-18
DON02281,Treatment,2026-06-18
DON01419,Treatment,2026-06-18
DON00096,Treatment,2026-06-18
DON00493,Control,2026-06-18
DON02691,Treatment,2026-06-18
DON02977,Treatment,2026-06-18
DON01912,Treatment,2026-06-18
DON02315,Treatment,2026-06-18
DON00214,Treatment,2026-06-18
DON03339,Treatment,2026-06-18
DON00696,Treatment,2026-06-18
DON00725,Treatment,2026-06-18
DON01304,Treatment,2026-06-18
DON01256,Treatment,2026-06-18
DON01456,Treatment,2026-06-18
DON01852,Treatment,2026-06-18
DON00411,Treatment,2026-06-18
DON00124,Treatment,2026-06-18
DON00268,Treatment,2026-06-18
DON02460,Treatment,2026-06-18
DON01891,Treatment,2026-06-18
DON00466,Treatment,2026-06-18
DON03297,Treatment,2026-06-18
DON00897,Treatment,2026-06-18
DON02739,Treatment,2026-06-18
DON01569,Treatment,2026-06-18
DON02762,Treatment,2026-06-18
DON02160,Treatment,2026-06-18
DON02201,Treatment,2026-06-18
DON03125,Treatment,2026-06-18
DON01234,Treatment,2026-06-18
DON02429,Treatment,2026-06-18
DON01003,Treatment,2026-06-18
DON01437,Treatment,2026-06-18
DON02079,Treatment,2026-06-18
DON00936,Treatment,2026-06-18
DON02000,Treatment,2026-06-18
DON00001,Treatment,2026-06-18
DON03136,Treatment,2026-06-18
DON01037,Treatment,2026-06-18
DON01985,Treatment,2026-06-18
DON02171,Treatment,2026-06-18
DON01995,Treatment,2026-06-18
DON00482,Treatment,2026-06-18
DON00917,Treatment,2026-06-18
DON01462,Treatment,2026-06-18
DON03334,Treatment,2026-06-18
DON00644,Treatment,2026-06-18
DON00727,Treatment,2026-06-18
DON02348,Treatment,2026-06-18
DON00013,Treatment,2026-06-18
DON02627,Treatment,2026-06-18
DON01975,Treatment,2026-06-18
DON03169,Control,2026-06-18
DON00282,Treatment,2026-06-18
DON00435,Treatment,2026-06-18
DON00726,Treatment,2026-06-18
DON03166,Treatment,2026-06-18
DON03210,Treatment,2026-06-18
DON02726,Treatment,2026-06-18
DON00944,Treatment,2026-06-18
DON01918,Treatment,2026-06-18
DON02083,Control,2026-06-18
DON00480,Treatment,2026-06-18
DON01613,Treatment,2026-06-18
DON00051,Control,2026-06-18
DON00623,Treatment,2026-06-18
DON02323,Control,2026-06-18
DON02731,Treatment,2026-06-18
DON03040,Treatment,2026-06-18
DON01131,Treatment,2026-06-18
DON02448,Treatment,2026-06-18
DON00778,Treatment,2026-06-18
DON02193,Treatment,2026-06-18
DON02280,Treatment,2026-06-18
DON01501,Treatment,2026-06-18
DON02981,Treatment,2026-06-18
DON02953,Treatment,2026-06-18
DON02258,Control,2026-06-18
DON00886,Control,2026-06-18
DON01332,Treatment,2026-06-18
DON03007,Treatment,2026-06-18
DON00191,Treatment,2026-06-18
DON01130,Treatment,2026-06-18
DON00531,Treatment,2026-06-18
DON02843,Treatment,2026-06-18
DON00654,Treatment,2026-06-18
DON00160,Treatment,2026-06-18
DON00267,Treatment,2026-06-18
DON02800,Treatment,2026-06-18
DON01052,Treatment,2026-06-18
DON02795,Control,2026-06-18
DON03244,Treatment,2026-06-18
DON03303,Treatment,2026-06-18
DON01244,Treatment,2026-06-18
DON02474,Treatment,2026-06-18
DON00116,Treatment,2026-06-18
DON02667,Treatment,2026-06-18
DON00543,Treatment,2026-06-18
DON00195,Treatment,2026-06-18
DON03121,Treatment,2026-06-18
DON00385,Treatment,2026-06-18
DON02393,Control,2026-06-18
DON01952,Treatment,2026-06-18
DON00170,Treatment,2026-06-18
DON02898,Control,2026-06-18
DON00006,Treatment,2026-06-18
DON02301,Treatment,2026-06-18
DON03397,Treatment,2026-06-18
DON01444,Treatment,2026-06-18
DON01280,Control,2026-06-18
DON02555,Treatment,2026-06-18
DON03065,Treatment,2026-06-18
DON02433,Treatment,2026-06-18
DON01557,Treatment,2026-06-18
DON02331,Treatment,2026-06-18
DON02049,Treatment,2026-06-18
DON01834,Treatment,2026-06-18
DON03203,Treatment,2026-06-18
DON01978,Treatment,2026-06-18
DON00721,Control,2026-06-18
DON02826,Treatment,2026-06-18
DON02601,Treatment,2026-06-18
DON00729,Treatment,2026-06-18
DON03052,Treatment,2026-06-18
DON01908,Treatment,2026-06-18
DON03456,Treatment,2026-06-18
DON00107,Treatment,2026-06-18
DON01250,Treatment,2026-06-18
DON02960,Treatment,2026-06-18
DON01989,Control,2026-06-18
DON03019,Treatment,2026-06-18
DON00782,Treatment,2026-06-18
DON01331,Treatment,2026-06-18
DON02665,Treatment,2026-06-18
DON01529,Treatment,2026-06-18
DON00146,Treatment,2026-06-18
DON00885,Treatment,2026-06-18
DON00973,Treatment,2026-06-18
DON01683,Treatment,2026-06-18
DON01901,Treatment,2026-06-18
DON02209,Treatment,2026-06-18
DON01452,Treatment,2026-06-18
DON02885,Treatment,2026-06-18
DON00719,Treatment,2026-06-18
DON02384,Treatment,2026-06-18
DON03183,Treatment,2026-06-18
DON01488,Treatment,2026-06-18
DON03373,Treatment,2026-06-18
DON01450,Treatment,2026-06-18
DON00830,Treatment,2026-06-18
DON00073,Treatment,2026-06-18
DON01404,Treatment,2026-06-18
DON00756,Treatment,2026-06-18
DON02924,Treatment,2026-06-18
DON01203,Treatment,2026-06-18
DON01292,Treatment,2026-06-18
DON01742,Treatment,2026-06-18
DON03021,Treatment,2026-06-18
DON00895,Control,2026-06-18
DON00612,Treatment,2026-06-18
DON02559,Treatment,2026-06-18
DON00374,Treatment,2026-06-18
DON01942,Treatment,2026-06-18
DON00734,Treatment,2026-06-18
DON02077,Treatment,2026-06-18
DON00862,Treatment,2026-06-18
DON01539,Treatment,2026-06-18
DON01590,Treatment,2026-06-18
DON00615,Treatment,2026-06-18
DON02066,Treatment,2026-06-18
DON01625,Treatment,2026-06-18
DON02626,Treatment,2026-06-18
DON00388,Treatment,2026-06-18
DON01572,Treatment,2026-06-18
DON01604,Treatment,2026-06-18
DON02183,Treatment,2026-06-18
DON02006,Treatment,2026-06-18
DON02140,Treatment,2026-06-18
DON02238,Treatment,2026-06-18
DON02232,Treatment,2026-06-18
DON03489,Treatment,2026-06-18
DON00995,Treatment,2026-06-18
DON01071,Control,2026-06-18
DON02777,Treatment,2026-06-18
DON02838,Treatment,2026-06-18
DON02269,Treatment,2026-06-18
DON02484,Treatment,2026-06-18
DON02270,Treatment,2026-06-18
DON02511,Treatment,2026-06-18
DON01038,Treatment,2026-06-18
DON01489,Treatment,2026-06-18
DON00837,Treatment,2026-06-18
DON02034,Treatment,2026-06-18
DON01652,Treatment,2026-06-18
DON00952,Treatment,2026-06-18
DON02191,Treatment,2026-06-18
DON02012,Treatment,2026-06-18
DON00036,Treatment,2026-06-18
DON01383,Treatment,2026-06-18
DON00217,Treatment,2026-06-18
DON03427,Treatment,2026-06-18
DON00611,Treatment,2026-06-18
DON02693,Treatment,2026-06-18
DON01548,Treatment,2026-06-18
DON00838,Treatment,2026-06-18
DON02580,Control,2026-06-18
DON03416,Treatment,2026-06-18
DON01049,Treatment,2026-06-18
DON01555,Treatment,2026-06-18
DON02482,Treatment,2026-06-18
DON00983,Treatment,2026-06-18
DON00737,Treatment,2026-06-18
DON02874,Treatment,2026-06-18
DON03331,Treatment,2026-06-18
DON02863,Control,2026-06-18
DON00178,Control,2026-06-18
DON00088,Treatment,2026-06-18
DON03260,Treatment,2026-06-18
DON02210,Treatment,2026-06-18
DON01258,Treatment,2026-06-18
DON02711,Treatment,2026-06-18
DON02755,Treatment,2026-06-18
DON00481,Treatment,2026-06-18
DON00835,Treatment,2026-06-18
DON02436,Treatment,2026-06-18
DON00648,Treatment,2026-06-18
DON03264,Treatment,2026-06-18
DON00050,Treatment,2026-06-18
DON03253,Treatment,2026-06-18
DON01700,Control,2026-06-18
DON02487,Treatment,2026-06-18
DON01375,Treatment,2026-06-18
DON00947,Treatment,2026-06-18
DON02749,Treatment,2026-06-18
DON02783,Treatment,2026-06-18
DON02002,Treatment,2026-06-18
DON02897,Treatment,2026-06-18
DON01381,Control,2026-06-18
DON02257,Treatment,2026-06-18
DON02373,Treatment,2026-06-18
DON01938,Treatment,2026-06-18
DON01907,Control,2026-06-18
DON03495,Treatment,2026-06-18
DON01160,Treatment,2026-06-18
DON02395,Treatment,2026-06-18
DON03470,Treatment,2026-06-18
DON01992,Treatment,2026-06-18
DON01311,Treatment,2026-06-18
DON02572,Control,2026-06-18
DON00784,Treatment,2026-06-18
DON03162,Treatment,2026-06-18
DON03066,Control,2026-06-18
DON02814,Treatment,2026-06-18
DON02913,Treatment,2026-06-18
DON02535,Treatment,2026-06-18
DON00877,Treatment,2026-06-18
DON03100,Treatment,2026-06-18
DON01335,Treatment,2026-06-18
DON03127,Treatment,2026-06-18
DON00675,Treatment,2026-06-18
DON02696,Treatment,2026-06-18
DON03238,Treatment,2026-06-18
DON00527,Treatment,2026-06-18
DON02763,Control,2026-06-18
DON01325,Treatment,2026-06-18
DON01890,Treatment,2026-06-18
DON01463,Treatment,2026-06-18
DON02217,Treatment,2026-06-18
DON02385,Treatment,2026-06-18
DON03361,Control,2026-06-18
DON02944,Treatment,2026-06-18
DON01855,Treatment,2026-06-18
DON00323,Treatment,2026-06-18
DON03445,Treatment,2026-06-18
DON00034,Treatment,2026-06-18
DON00352,Treatment,2026-06-18
DON01233,Treatment,2026-06-18
DON01314,Treatment,2026-06-18
DON01889,Treatment,2026-06-18
DON00878,Treatment,2026-06-18
DON02088,Treatment,2026-06-18
DON02350,Treatment,2026-06-18
DON00790,Treatment,2026-06-18
DON00403,Treatment,2026-06-18
DON03157,Treatment,2026-06-18
DON01403,Treatment,2026-06-18
DON01107,Treatment,2026-06-18
DON02881,Treatment,2026-06-18
DON01838,Treatment,2026-06-18
DON01083,Treatment,2026-06-18
DON01482,Treatment,2026-06-18
DON01706,Treatment,2026-06-18
DON00230,Treatment,2026-06-18
DON02922,Treatment,2026-06-18
DON01446,Treatment,2026-06-18
DON01155,Treatment,2026-06-18
DON00271,Control,2026-06-18
DON00691,Treatment,2026-06-18
DON03230,Treatment,2026-06-18
DON00190,Treatment,2026-06-18
DON01755,Control,2026-06-18
DON02234,Treatment,2026-06-18
DON00021,Treatment,2026-06-18
DON03442,Treatment,2026-06-18
DON02416,Treatment,2026-06-18
DON03439,Control,2026-06-18
DON02956,Control,2026-06-18
DON01348,Treatment,2026-06-18
DON01249,Control,2026-06-18
DON00904,Treatment,2026-06-18
DON03128,Treatment,2026-06-18
DON01150,Treatment,2026-06-18
DON02563,Treatment,2026-06-18
DON03305,Treatment,2026-06-18
DON01321,Treatment,2026-06-18
DON03081,Treatment,2026-06-18
DON02318,Treatment,2026-06-18
DON02716,Treatment,2026-06-18
DON00651,Treatment,2026-06-18
DON00993,Treatment,2026-06-18
DON00380,Treatment,2026-06-18
DON03369,Control,2026-06-18
DON02556,Treatment,2026-06-18
DON02558,Treatment,2026-06-18
DON02574,Treatment,2026-06-18
DON01021,Treatment,2026-06-18
DON02585,Treatment,2026-06-18
DON01366,Treatment,2026-06-18
DON00228,Treatment,2026-06-18
DON00215,Control,2026-06-18
DON02155,Treatment,2026-06-18
DON02250,Treatment,2026-06-18
DON00776,Treatment,2026-06-18
DON03259,Treatment,2026-06-18
DON00156,Treatment,2026-06-18
DON02866,Treatment,2026-06-18
DON01313,Control,2026-06-18
DON00864,Treatment,2026-06-18
DON01664,Treatment,2026-06-18
DON01895,Treatment,2026-06-18
DON01495,Treatment,2026-06-18
DON02327,Treatment,2026-06-18
DON00127,Treatment,2026-06-18
DON01398,Treatment,2026-06-18
DON00448,Treatment,2026-06-18
DON03462,Control,2026-06-18
DON01333,Treatment,2026-06-18
DON03386,Control,2026-06-18
DON03255,Treatment,2026-06-18
DON00410,Treatment,2026-06-18
DON00984,Treatment,2026-06-18
DON00631,Treatment,2026-06-18
DON01726,Treatment,2026-06-18
DON02286,Treatment,2026-06-18
DON03175,Treatment,2026-06-18
DON02342,Treatment,2026-06-18
DON02069,Treatment,2026-06-18
DON03008,Treatment,2026-06-18
DON01825,Treatment,2026-06-18
DON03412,Treatment,2026-06-18
DON00826,Treatment,2026-06-18
DON00262,Treatment,2026-06-18
DON01538,Treatment,2026-06-18
DON03420,Treatment,2026-06-18
DON02485,Treatment,2026-06-18
DON00274,Treatment,2026-06-18
DON01596,Treatment,2026-06-18
DON03466,Treatment,2026-06-18
DON02966,Treatment,2026-06-18
DON03102,Treatment,2026-06-18
DON01123,Treatment,2026-06-18
DON02413,Treatment,2026-06-18
DON00080,Treatment,2026-06-18
DON03497,Treatment,2026-06-18
DON02970,Treatment,2026-06-18
DON01391,Treatment,2026-06-18
DON02554,Treatment,2026-06-18
DON01817,Treatment,2026-06-18
DON02582,Treatment,2026-06-18
DON02157,Treatment,2026-06-18
DON00933,Treatment,2026-06-18
DON00728,Treatment,2026-06-18
DON01275,Treatment,2026-06-18
DON02842,Treatment,2026-06-18
DON00555,Treatment,2026-06-18
DON01845,Treatment,2026-06-18
DON01629,Treatment,2026-06-18
DON02679,Treatment,2026-06-18
DON00833,Treatment,2026-06-18
DON02617,Treatment,2026-06-18
DON03190,Treatment,2026-06-18
DON01827,Treatment,2026-06-18
DON01570,Treatment,2026-06-18
DON00628,Control,2026-06-18
DON02274,Treatment,2026-06-18
DON02569,Treatment,2026-06-18
DON03468,Treatment,2026-06-18
DON02148,Treatment,2026-06-18
DON01195,Treatment,2026-06-18
DON00881,Treatment,2026-06-18
DON00176,Control,2026-06-18
DON01294,Treatment,2026-06-18
DON00227,Control,2026-06-18
DON02008,Treatment,2026-06-18
DON02078,Treatment,2026-06-18
DON00194,Treatment,2026-06-18
DON01379,Treatment,2026-06-18
DON01552,Treatment,2026-06-18
DON03023,Treatment,2026-06-18
DON03214,Treatment,2026-06-18
DON00113,Treatment,2026-06-18
DON01640,Treatment,2026-06-18
DON02455,Treatment,2026-06-18
DON00718,Treatment,2026-06-18
DON00417,Treatment,2026-06-18
DON01015,Treatment,2026-06-18
DON00042,Treatment,2026-06-18
DON02354,Treatment,2026-06-18
DON03074,Treatment,2026-06-18
DON00276,Treatment,2026-06-18
DON00997,Treatment,2026-06-18
DON00581,Treatment,2026-06-18
DON03441,Treatment,2026-06-18
DON00055,Treatment,2026-06-18
DON01350,Treatment,2026-06-18
DON02710,Control,2026-06-18
DON02662,Treatment,2026-06-18
DON00821,Treatment,2026-06-18
DON01009,Treatment,2026-06-18
DON00679,Treatment,2026-06-18
DON01505,Treatment,2026-06-18
DON02127,Control,2026-06-18
DON03091,Treatment,2026-06-18
DON03090,Treatment,2026-06-18
DON02961,Treatment,2026-06-18
DON02291,Treatment,2026-06-18
DON00308,Treatment,2026-06-18
DON02835,Treatment,2026-06-18
DON02293,Treatment,2026-06-18
DON02494,Treatment,2026-06-18
DON00839,Control,2026-06-18
DON02409,Treatment,2026-06-18
DON03041,Treatment,2026-06-18
DON02888,Treatment,2026-06-18
DON01517,Treatment,2026-06-18
DON00937,Treatment,2026-06-18
DON01378,Treatment,2026-06-18
DON02414,Treatment,2026-06-18
DON02360,Treatment,2026-06-18
DON03403,Treatment,2026-06-18
DON02537,Treatment,2026-06-18
DON03051,Treatment,2026-06-18
DON02879,Treatment,2026-06-18
DON01922,Treatment,2026-06-18
DON00476,Treatment,2026-06-18
DON00375,Treatment,2026-06-18
DON01854,Treatment,2026-06-18
DON00373,Treatment,2026-06-18
DON02549,Treatment,2026-06-18
DON01763,Treatment,2026-06-18
DON02386,Treatment,2026-06-18
DON02900,Treatment,2026-06-18
DON01944,Treatment,2026-06-18
DON03282,Treatment,2026-06-18
DON02575,Treatment,2026-06-18
DON02547,Control,2026-06-18
DON01542,Treatment,2026-06-18
DON00871,Treatment,2026-06-18
DON01759,Treatment,2026-06-18
DON01729,Treatment,2026-06-18
DON00972,Treatment,2026-06-18
DON00347,Treatment,2026-06-18
DON01240,Control,2026-06-18
DON03176,Treatment,2026-06-18
DON00706,Treatment,2026-06-18
DON01559,Treatment,2026-06-18
DON02561,Treatment,2026-06-18
DON01785,Treatment,2026-06-18
DON00809,Treatment,2026-06-18
DON00031,Treatment,2026-06-18
DON00509,Treatment,2026-06-18
DON01151,Treatment,2026-06-18
DON01213,Treatment,2026-06-18
DON00811,Treatment,2026-06-18
DON01148,Treatment,2026-06-18
DON02773,Treatment,2026-06-18
DON00970,Treatment,2026-06-18
DON01851,Treatment,2026-06-18
DON01657,Treatment,2026-06-18
DON02519,Treatment,2026-06-18
DON01402,Treatment,2026-06-18
DON02988,Treatment,2026-06-18
DON01315,Treatment,2026-06-18
DON03422,Treatment,2026-06-18
DON01911,Treatment,2026-06-18
DON01847,Treatment,2026-06-18
DON03014,Treatment,2026-06-18
DON01958,Control,2026-06-18
DON01597,Treatment,2026-06-18
DON01916,Treatment,2026-06-18
DON01926,Treatment,2026-06-18
DON00294,Treatment,2026-06-18
DON01359,Treatment,2026-06-18
DON00589,Treatment,2026-06-18
DON03150,Control,2026-06-18
DON01871,Treatment,2026-06-18
DON00634,Treatment,2026-06-18
DON00630,Treatment,2026-06-18
DON01093,Treatment,2026-06-18
DON00576,Treatment,2026-06-18
DON00540,Treatment,2026-06-18
DON01024,Treatment,2026-06-18
DON00619,Treatment,2026-06-18
DON00560,Treatment,2026-06-18
DON00650,Treatment,2026-06-18
DON02698,Control,2026-06-18
DON02076,Treatment,2026-06-18
DON01459,Treatment,2026-06-18
DON02428,Treatment,2026-06-18
DON01509,Control,2026-06-18
DON00355,Control,2026-06-18
DON01776,Treatment,2026-06-18
DON02084,Treatment,2026-06-18
DON03290,Treatment,2026-06-18
DON01242,Treatment,2026-06-18
DON00723,Treatment,2026-06-18
DON00796,Treatment,2026-06-18
DON00351,Treatment,2026-06-18
DON01158,Treatment,2026-06-18
DON02103,Treatment,2026-06-18
DON02636,Treatment,2026-06-18
DON00340,Treatment,2026-06-18
DON00964,Treatment,2026-06-18
DON02335,Treatment,2026-06-18
DON00343,Treatment,2026-06-18
DON03401,Treatment,2026-06-18
DON02873,Control,2026-06-18
DON00083,Treatment,2026-06-18
DON02070,Treatment,2026-06-18
DON02402,Treatment,2026-06-18
DON00462,Treatment,2026-06-18
DON02043,Treatment,2026-06-18
DON02527,Treatment,2026-06-18
DON02044,Control,2026-06-18
DON02921,Treatment,2026-06-18
DON01260,Control,2026-06-18
DON01677,Treatment,2026-06-18
DON02424,Treatment,2026-06-18
DON03411,Control,2026-06-18
DON03284,Treatment,2026-06-18
DON01937,Treatment,2026-06-18
DON00891,Treatment,2026-06-18
DON01220,Treatment,2026-06-18
DON03321,Treatment,2026-06-18
DON00775,Treatment,2026-06-18
DON03197,Treatment,2026-06-18
DON02045,Treatment,2026-06-18
DON01573,Treatment,2026-06-18
DON00791,Treatment,2026-06-18
DON00836,Treatment,2026-06-18
DON03293,Treatment,2026-06-18
DON03269,Treatment,2026-06-18
DON02851,Control,2026-06-18
DON01568,Treatment,2026-06-18
DON03414,Treatment,2026-06-18
DON01791,Treatment,2026-06-18
DON01637,Treatment,2026-06-18
DON01503,Control,2026-06-18
DON02278,Treatment,2026-06-18
DON01633,Treatment,2026-06-18
DON02677,Treatment,2026-06-18
DON01124,Treatment,2026-06-18
DON02862,Treatment,2026-06-18
DON02304,Treatment,2026-06-18
DON00787,Treatment,2026-06-18
DON00409,Treatment,2026-06-18
DON01445,Treatment,2026-06-18
DON03146,Treatment,2026-06-18
DON02690,Treatment,2026-06-18
DON02392,Control,2026-06-18
DON01216,Treatment,2026-06-18
DON00686,Control,2026-06-18
DON00017,Treatment,2026-06-18
DON02475,Treatment,2026-06-18
DON01345,Treatment,2026-06-18
DON00137,Treatment,2026-06-18
DON01672,Treatment,2026-06-18
DON01704,Treatment,2026-06-18
DON01035,Treatment,2026-06-18
DON00567,Treatment,2026-06-18
DON01831,Treatment,2026-06-18
DON02865,Treatment,2026-06-18
DON00121,Treatment,2026-06-18
DON00384,Treatment,2026-06-18
DON00905,Treatment,2026-06-18
DON03429,Treatment,2026-06-18
DON02524,Control,2026-06-18
DON02974,Treatment,2026-06-18
DON03187,Treatment,2026-06-18
DON03278,Control,2026-06-18
DON02338,Treatment,2026-06-18
DON02219,Treatment,2026-06-18
DON00208,Treatment,2026-06-18
DON00405,Treatment,2026-06-18
DON02177,Treatment,2026-06-18
DON01782,Treatment,2026-06-18
DON01959,Treatment,2026-06-18
DON01849,Treatment,2026-06-18
DON01020,Control,2026-06-18
DON01628,Treatment,2026-06-18
DON02787,Treatment,2026-06-18
DON02896,Treatment,2026-06-18
DON00313,Treatment,2026-06-18
DON01310,Treatment,2026-06-18
DON00166,Treatment,2026-06-18
DON01221,Treatment,2026-06-18
DON00306,Treatment,2026-06-18
DON02396,Treatment,2026-06-18
DON02738,Treatment,2026-06-18
DON00328,Treatment,2026-06-18
DON03358,Treatment,2026-06-18
DON00251,Treatment,2026-06-18
DON01246,Treatment,2026-06-18
DON00204,Treatment,2026-06-18
DON02154,Treatment,2026-06-18
DON01832,Treatment,2026-06-18
DON02005,Treatment,2026-06-18
DON01344,Treatment,2026-06-18
DON03029,Treatment,2026-06-18
DON02380,Treatment,2026-06-18
DON01788,Treatment,2026-06-18
DON02929,Treatment,2026-06-18
DON02339,Treatment,2026-06-18
DON00008,Treatment,2026-06-18
DON01054,Treatment,2026-06-18
DON01232,Control,2026-06-18
DON00869,Treatment,2026-06-18
DON02472,Control,2026-06-18
DON01254,Treatment,2026-06-18
DON03153,Treatment,2026-06-18
DON02938,Treatment,2026-06-18
DON02686,Treatment,2026-06-18
DON01792,Treatment,2026-06-18
DON02139,Treatment,2026-06-18
DON02634,Treatment,2026-06-18
DON00449,Treatment,2026-06-18
DON00499,Treatment,2026-06-18
DON01058,Treatment,2026-06-18
DON00256,Treatment,2026-06-18
DON02086,Treatment,2026-06-18
DON01931,Treatment,2026-06-18
DON02104,Treatment,2026-06-18
DON00667,Treatment,2026-06-18
DON02118,Treatment,2026-06-18
DON01724,Control,2026-06-18
DON02240,Treatment,2026-06-18
DON02175,Treatment,2026-06-18
DON00578,Treatment,2026-06-18
DON00697,Treatment,2026-06-18
DON02275,Treatment,2026-06-18
DON01762,Treatment,2026-06-18
DON00579,Treatment,2026-06-18
DON00759,Control,2026-06-18
DON01017,Treatment,2026-06-18
DON03481,Treatment,2026-06-18
DON03096,Treatment,2026-06-18
DON01639,Treatment,2026-06-18
DON02833,Treatment,2026-06-18
DON01341,Treatment,2026-06-18
DON01487,Treatment,2026-06-18
DON03219,Treatment,2026-06-18
DON01265,Treatment,2026-06-18
DON01560,Treatment,2026-06-18
DON01800,Treatment,2026-06-18
DON01648,Treatment,2026-06-18
DON02745,Treatment,2026-06-18
DON00860,Treatment,2026-06-18
DON00457,Treatment,2026-06-18
DON03173,Treatment,2026-06-18
DON02663,Treatment,2026-06-18
DON00703,Treatment,2026-06-18
DON03012,Control,2026-06-18
DON03099,Treatment,2026-06-18
DON01710,Treatment,2026-06-18
DON02648,Treatment,2026-06-18
DON00523,Treatment,2026-06-18
DON02864,Treatment,2026-06-18
DON02949,Treatment,2026-06-18
DON00089,Treatment,2026-06-18
DON02717,Treatment,2026-06-18
DON01688,Treatment,2026-06-18
DON00424,Treatment,2026-06-18
DON03119,Treatment,2026-06-18
DON02200,Treatment,2026-06-18
DON02143,Treatment,2026-06-18
DON02357,Treatment,2026-06-18
DON00946,Control,2026-06-18
DON01545,Treatment,2026-06-18
DON02337,Treatment,2026-06-18
DON01319,Treatment,2026-06-18
DON00129,Treatment,2026-06-18
DON02947,Treatment,2026-06-18
DON00949,Treatment,2026-06-18
DON00610,Treatment,2026-06-18
DON02925,Treatment,2026-06-18
DON01389,Treatment,2026-06-18
DON00048,Treatment,2026-06-18
DON00912,Treatment,2026-06-18
DON00929,Control,2026-06-18
DON01618,Treatment,2026-06-18
DON02369,Treatment,2026-06-18
DON01869,Control,2026-06-18
DON03440,Treatment,2026-06-18
DON01014,Treatment,2026-06-18
DON01000,Treatment,2026-06-18
DON02047,Treatment,2026-06-18
DON02124,Treatment,2026-06-18
DON00207,Treatment,2026-06-18
DON02058,Treatment,2026-06-18
DON02993,Control,2026-06-18
DON00440,Treatment,2026-06-18
DON02010,Treatment,2026-06-18
DON00356,Treatment,2026-06-18
DON02194,Treatment,2026-06-18
DON01411,Treatment,2026-06-18
DON00834,Control,2026-06-18
DON01174,Treatment,2026-06-18
DON00766,Treatment,2026-06-18
DON03222,Treatment,2026-06-18
DON00742,Treatment,2026-06-18
DON00740,Treatment,2026-06-18
DON01696,Treatment,2026-06-18
DON02651,Treatment,2026-06-18
DON01707,Treatment,2026-06-18
DON00673,Treatment,2026-06-18
DON00550,Control,2026-06-18
DON02685,Treatment,2026-06-18
DON03097,Treatment,2026-06-18
DON03109,Treatment,2026-06-18
DON01720,Treatment,2026-06-18
DON01494,Treatment,2026-06-18
DON00177,Treatment,2026-06-18
DON02623,Treatment,2026-06-18
DON03168,Treatment,2026-06-18
DON00767,Treatment,2026-06-18
DON01818,Control,2026-06-18
DON02886,Control,2026-06-18
DON01621,Treatment,2026-06-18
DON01814,Treatment,2026-06-18
DON00815,Treatment,2026-06-18
DON00011,Treatment,2026-06-18
DON00569,Treatment,2026-06-18
DON02507,Treatment,2026-06-18
DON01163,Treatment,2026-06-18
DON02724,Treatment,2026-06-18
DON02545,Treatment,2026-06-18
DON02721,Treatment,2026-06-18
DON02660,Treatment,2026-06-18
DON00515,Treatment,2026-06-18
DON03133,Treatment,2026-06-18
DON00688,Treatment,2026-06-18
DON00923,Treatment,2026-06-18
DON03251,Treatment,2026-06-18
DON02359,Treatment,2026-06-18
DON01011,Treatment,2026-06-18
DON00218,Treatment,2026-06-18
DON02227,Treatment,2026-06-18
DON01147,Treatment,2026-06-18
DON01087,Treatment,2026-06-18
DON02458,Treatment,2026-06-18
DON00158,Control,2026-06-18
DON02106,Treatment,2026-06-18
DON00486,Treatment,2026-06-18
DON03267,Treatment,2026-06-18
DON03500,Treatment,2026-06-18
DON00252,Treatment,2026-06-18
DON01474,Treatment,2026-06-18
DON01558,Treatment,2026-06-18
DON00106,Treatment,2026-06-18
DON02719,Treatment,2026-06-18
DON03037,Treatment,2026-06-18
DON01031,Treatment,2026-06-18
DON03186,Treatment,2026-06-18
DON00872,Treatment,2026-06-18
DON02287,Treatment,2026-06-18
DON01468,Treatment,2026-06-18
DON02791,Treatment,2026-06-18
DON01536,Control,2026-06-18
DON01702,Treatment,2026-06-18
DON01549,Treatment,2026-06-18
DON03179,Treatment,2026-06-18
DON01290,Treatment,2026-06-18
DON01296,Treatment,2026-06-18
DON02684,Control,2026-06-18
DON00065,Treatment,2026-06-18
DON03094,Treatment,2026-06-18
DON00824,Treatment,2026-06-18
DON01909,Treatment,2026-06-18
DON01424,Treatment,2026-06-18
DON00739,Treatment,2026-06-18
DON02504,Treatment,2026-06-18
DON01166,Treatment,2026-06-18
DON01609,Treatment,2026-06-18
DON01888,Treatment,2026-06-18
DON00061,Treatment,2026-06-18
DON02576,Treatment,2026-06-18
DON01828,Treatment,2026-06-18
DON01417,Treatment,2026-06-18
DON00818,Treatment,2026-06-18
DON03261,Treatment,2026-06-18
DON01840,Treatment,2026-06-18
DON02473,Treatment,2026-06-18
DON01803,Treatment,2026-06-18
DON00746,Treatment,2026-06-18
DON00825,Treatment,2026-06-18
DON00808,Treatment,2026-06-18
DON01164,Treatment,2026-06-18
DON00287,Treatment,2026-06-18
DON03333,Treatment,2026-06-18
DON02405,Treatment,2026-06-18
DON00768,Treatment,2026-06-18
DON01205,Treatment,2026-06-18
DON00749,Treatment,2026-06-18
DON03148,Treatment,2026-06-18
DON03384,Treatment,2026-06-18
DON01567,Treatment,2026-06-18
DON01454,Treatment,2026-06-18
DON03338,Treatment,2026-06-18
DON02051,Treatment,2026-06-18
DON00985,Treatment,2026-06-18
DON00222,Treatment,2026-06-18
DON03224,Treatment,2026-06-18
DON03286,Treatment,2026-06-18
DON02589,Treatment,2026-06-18
DON01016,Treatment,2026-06-18
DON01261,Control,2026-06-18
DON00094,Control,2026-06-18
DON03217,Treatment,2026-06-18
DON00453,Treatment,2026-06-18
DON01516,Treatment,2026-06-18
DON01957,Treatment,2026-06-18
DON02290,Treatment,2026-06-18
DON02786,Treatment,2026-06-18
DON01608,Treatment,2026-06-18
DON02705,Treatment,2026-06-18
DON00638,Treatment,2026-06-18
DON01564,Treatment,2026-06-18
DON03300,Treatment,2026-06-18
DON01612,Treatment,2026-06-18
DON02729,Treatment,2026-06-18
DON01416,Treatment,2026-06-18
DON01589,Treatment,2026-06-18
DON00574,Treatment,2026-06-18
DON00577,Treatment,2026-06-18
DON03453,Treatment,2026-06-18
DON00040,Treatment,2026-06-18
DON01409,Control,2026-06-18
DON03256,Treatment,2026-06-18
DON03138,Treatment,2026-06-18
DON02687,Treatment,2026-06-18
DON01741,Treatment,2026-06-18
DON02836,Treatment,2026-06-18
DON01714,Treatment,2026-06-18
DON02571,Treatment,2026-06-18
DON00304,Treatment,2026-06-18
DON03270,Treatment,2026-06-18
DON02856,Treatment,2026-06-18
DON01690,Treatment,2026-06-18
DON03124,Treatment,2026-06-18
DON00270,Treatment,2026-06-18
DON02819,Treatment,2026-06-18
DON01796,Treatment,2026-06-18
DON01432,Treatment,2026-06-18
DON02538,Treatment,2026-06-18
DON01427,Treatment,2026-06-18
DON02603,Treatment,2026-06-18
DON02517,Treatment,2026-06-18
DON02231,Control,2026-06-18
DON00135,Treatment,2026-06-18
DON01142,Treatment,2026-06-18
DON02245,Treatment,2026-06-18
DON01019,Treatment,2026-06-18
DON02259,Treatment,2026-06-18
DON00956,Control,2026-06-18
DON02165,Treatment,2026-06-18
DON00959,Treatment,2026-06-18
DON00436,Treatment,2026-06-18
DON02164,Treatment,2026-06-18
DON01320,Treatment,2026-06-18
DON01934,Treatment,2026-06-18
DON03385,Treatment,2026-06-18
DON01103,Treatment,2026-06-18
DON00981,Treatment,2026-06-18
DON02967,Control,2026-06-18
DON01217,Treatment,2026-06-18
DON02328,Treatment,2026-06-18
DON01950,Treatment,2026-06-18
DON00093,Treatment,2026-06-18
DON03343,Treatment,2026-06-18
DON01010,Treatment,2026-06-18
DON03392,Treatment,2026-06-18
DON00443,Control,2026-06-18
DON00246,Treatment,2026-06-18
DON00149,Control,2026-06-18
DON01998,Treatment,2026-06-18
DON00887,Treatment,2026-06-18
DON02081,Treatment,2026-06-18
DON02417,Treatment,2026-06-18
DON00901,Control,2026-06-18
DON00087,Treatment,2026-06-18
DON03364,Treatment,2026-06-18
DON02226,Treatment,2026-06-18
DON01278,Treatment,2026-06-18
DON02775,Treatment,2026-06-18
DON01369,Control,2026-06-18
DON01073,Treatment,2026-06-18
DON00469,Treatment,2026-06-18
DON02370,Treatment,2026-06-18
DON01537,Treatment,2026-06-18
DON02303,Treatment,2026-06-18
DON01767,Treatment,2026-06-18
DON01789,Treatment,2026-06-18
DON00504,Treatment,2026-06-18
DON01435,Treatment,2026-06-18
DON00326,Treatment,2026-06-18
DON02595,Treatment,2026-06-18
DON02645,Treatment,2026-06-18
DON03207,Treatment,2026-06-18
DON00473,Treatment,2026-06-18
DON02883,Treatment,2026-06-18
DON00442,Treatment,2026-06-18
DON02419,Treatment,2026-06-18
DON02312,Treatment,2026-06-18
DON02102,Treatment,2026-06-18
DON03405,Control,2026-06-18
DON02142,Treatment,2026-06-18
DON00666,Treatment,2026-06-18
DON02189,Treatment,2026-06-18
DON02694,Treatment,2026-06-18
DON00594,Treatment,2026-06-18
DON02130,Treatment,2026-06-18
DON00658,Treatment,2026-06-18
DON01616,Treatment,2026-06-18
DON00202,Treatment,2026-06-18
DON00636,Treatment,2026-06-18
DON00007,Treatment,2026-06-18
DON03315,Treatment,2026-06-18
DON00963,Treatment,2026-06-18
DON02552,Treatment,2026-06-18
DON01323,Treatment,2026-06-18
DON00792,Treatment,2026-06-18
DON01363,Treatment,2026-06-18
DON01373,Treatment,2026-06-18
DON02381,Treatment,2026-06-18
DON01860,Treatment,2026-06-18
DON01812,Treatment,2026-06-18
DON02387,Treatment,2026-06-18
DON02481,Treatment,2026-06-18
DON01396,Treatment,2026-06-18
DON00857,Control,2026-06-18
DON02462,Treatment,2026-06-18
DON01377,Treatment,2026-06-18
DON01245,Treatment,2026-06-18
DON00128,Treatment,2026-06-18
DON01044,Control,2026-06-18
DON02653,Treatment,2026-06-18
DON02637,Treatment,2026-06-18
DON02613,Treatment,2026-06-18
DON01308,Treatment,2026-06-18
DON00998,Treatment,2026-06-18
DON01758,Treatment,2026-06-18
DON02300,Treatment,2026-06-18
DON00986,Control,2026-06-18
DON01761,Treatment,2026-06-18
DON02311,Treatment,2026-06-18
DON03346,Treatment,2026-06-18
DON03151,Treatment,2026-06-18
DON03104,Treatment,2026-06-18
DON00496,Treatment,2026-06-18
DON03006,Treatment,2026-06-18
DON02899,Treatment,2026-06-18
DON00319,Control,2026-06-18
DON00259,Treatment,2026-06-18
DON03013,Treatment,2026-06-18
DON00239,Treatment,2026-06-18
DON00478,Treatment,2026-06-18
DON03053,Treatment,2026-06-18
DON02907,Treatment,2026-06-18
DON00413,Control,2026-06-18
DON00297,Treatment,2026-06-18
DON00511,Control,2026-06-18
DON00558,Treatment,2026-06-18
DON03159,Treatment,2026-06-18
DON00520,Treatment,2026-06-18
DON00445,Treatment,2026-06-18
DON01823,Treatment,2026-06-18
DON03272,Treatment,2026-06-18
DON00724,Treatment,2026-06-18
DON03499,Treatment,2026-06-18
DON02890,Treatment,2026-06-18
DON01553,Treatment,2026-06-18
DON02629,Treatment,2026-06-18
DON01036,Treatment,2026-06-18
DON01065,Control,2026-06-18
DON03435,Treatment,2026-06-18
DON02998,Control,2026-06-18
DON02404,Treatment,2026-06-18
DON01257,Treatment,2026-06-18
DON02038,Treatment,2026-06-18
DON00109,Treatment,2026-06-18
DON00125,Treatment,2026-06-18
DON03142,Treatment,2026-06-18
DON03064,Treatment,2026-06-18
DON03482,Treatment,2026-06-18
DON03200,Treatment,2026-06-18
DON00432,Treatment,2026-06-18
DON02222,Treatment,2026-06-18
DON00241,Treatment,2026-06-18
DON00238,Treatment,2026-06-18
DON02695,Treatment,2026-06-18
DON02252,Treatment,2026-06-18
DON00656,Treatment,2026-06-18
DON02246,Treatment,2026-06-18
DON02408,Treatment,2026-06-18
DON02295,Treatment,2026-06-18
DON00720,Treatment,2026-06-18
DON00750,Treatment,2026-06-18
DON02649,Treatment,2026-06-18
DON00751,Treatment,2026-06-18
DON00765,Treatment,2026-06-18
DON02550,Treatment,2026-06-18
DON00169,Treatment,2026-06-18
DON00788,Treatment,2026-06-18
DON00797,Treatment,2026-06-18
DON02515,Treatment,2026-06-18
DON02876,Treatment,2026-06-18
DON00820,Treatment,2026-06-18
DON02884,Treatment,2026-06-18
DON00969,Treatment,2026-06-18
DON02347,Treatment,2026-06-18
DON02375,Treatment,2026-06-18
DON03332,Treatment,2026-06-18
DON03351,Treatment,2026-06-18
DON00141,Treatment,2026-06-18
DON02400,Treatment,2026-06-18
DON02903,Treatment,2026-06-18
DON00919,Control,2026-06-18
DON03001,Treatment,2026-06-18
DON00316,Treatment,2026-06-18
DON01425,Treatment,2026-06-18
DON01410,Treatment,2026-06-18
DON03062,Treatment,2026-06-18
DON01773,Treatment,2026-06-18
DON01070,Treatment,2026-06-18
DON01946,Treatment,2026-06-18
DON01279,Treatment,2026-06-18
DON01276,Treatment,2026-06-18
DON01263,Treatment,2026-06-18
DON01994,Treatment,2026-06-18
DON01748,Treatment,2026-06-18
DON00284,Treatment,2026-06-18
DON01642,Treatment,2026-06-18
DON03488,Treatment,2026-06-18
DON01562,Treatment,2026-06-18
DON01765,Treatment,2026-06-18
DON01655,Treatment,2026-06-18
DON01550,Control,2026-06-18
DON00269,Treatment,2026-06-18
DON00300,Treatment,2026-06-18
DON01735,Treatment,2026-06-18
DON00601,Treatment,2026-06-18
DON03485,Treatment,2026-06-18
DON02021,Control,2026-06-18
DON01293,Treatment,2026-06-18
DON00707,Treatment,2026-06-18
DON01127,Treatment,2026-06-18
DON02133,Treatment,2026-06-18
DON02141,Treatment,2026-06-18
DON02146,Treatment,2026-06-18
DON01106,Treatment,2026-06-18
DON03257,Treatment,2026-06-18
DON02105,Control,2026-06-18
DON00099,Treatment,2026-06-18
DON01094,Treatment,2026-06-18
DON02065,Treatment,2026-06-18
DON02050,Treatment,2026-06-18
DON02999,Control,2026-06-18
DON02997,Treatment,2026-06-18
DON01219,Treatment,2026-06-18
DON02169,Treatment,2026-06-18
DON01075,Control,2026-06-18
DON00363,Treatment,2026-06-18
DON01228,Treatment,2026-06-18
DON00404,Treatment,2026-06-18
DON03399,Control,2026-06-18
DON00772,Treatment,2026-06-18
DON01727,Treatment,2026-06-18
DON02029,Treatment,2026-06-18
DON03189,Treatment,2026-06-18
DON00900,Treatment,2026-06-18
DON00368,Treatment,2026-06-18
DON02090,Treatment,2026-06-18
DON00193,Treatment,2026-06-18
DON02363,Treatment,2026-06-18
DON03350,Treatment,2026-06-18
DON00562,Treatment,2026-06-18
DON02919,Treatment,2026-06-18
DON02067,Treatment,2026-06-18
DON01547,Treatment,2026-06-18
DON01451,Treatment,2026-06-18
DON00059,Treatment,2026-06-18
DON02536,Treatment,2026-06-18
DON00086,Treatment,2026-06-18
DON01330,Control,2026-06-18
DON02769,Treatment,2026-06-18
DON01997,Treatment,2026-06-18
DON00288,Treatment,2026-06-18
DON00095,Treatment,2026-06-18
DON02904,Treatment,2026-06-18
DON01772,Treatment,2026-06-18
DON02770,Treatment,2026-06-18
DON03227,Treatment,2026-06-18
DON01274,Treatment,2026-06-18
DON01533,Treatment,2026-06-18
DON00655,Control,2026-06-18
DON02562,Treatment,2026-06-18
DON00805,Treatment,2026-06-18
DON02109,Treatment,2026-06-18
DON01658,Treatment,2026-06-18
DON03324,Treatment,2026-06-18
DON00873,Treatment,2026-06-18
DON01067,Treatment,2026-06-18
DON03457,Control,2026-06-18
DON03476,Treatment,2026-06-18
DON02530,Treatment,2026-06-18
DON01334,Treatment,2026-06-18
DON01903,Treatment,2026-06-18
DON01046,Treatment,2026-06-18
DON01802,Treatment,2026-06-18
DON03311,Treatment,2026-06-18
DON03182,Treatment,2026-06-18
DON00381,Treatment,2026-06-18
DON00379,Treatment,2026-06-18
DON02673,Treatment,2026-06-18
DON03274,Treatment,2026-06-18
DON01096,Treatment,2026-06-18
DON02980,Treatment,2026-06-18
DON02733,Treatment,2026-06-18
DON03010,Treatment,2026-06-18
DON02446,Treatment,2026-06-18
DON03367,Treatment,2026-06-18
DON02875,Treatment,2026-06-18
DON02923,Treatment,2026-06-18
DON03295,Treatment,2026-06-18
DON03022,Treatment,2026-06-18
DON02781,Control,2026-06-18
DON00591,Treatment,2026-06-18
DON01040,Treatment,2026-06-18
DON00119,Treatment,2026-06-18
DON02276,Treatment,2026-06-18
DON02772,Treatment,2026-06-18
DON01045,Treatment,2026-06-18
DON02820,Treatment,2026-06-18
DON03213,Treatment,2026-06-18
DON01591,Treatment,2026-06-18
DON02470,Treatment,2026-06-18
DON03309,Treatment,2026-06-18
DON03139,Control,2026-06-18
DON03313,Treatment,2026-06-18
DON02444,Treatment,2026-06-18
DON00185,Treatment,2026-06-18
DON00681,Treatment,2026-06-18
DON02952,Treatment,2026-06-18
DON00890,Treatment,2026-06-18
DON02812,Treatment,2026-06-18
DON00676,Treatment,2026-06-18
DON02374,Treatment,2026-06-18
DON02364,Treatment,2026-06-18
DON02358,Treatment,2026-06-18
DON00189,Treatment,2026-06-18
DON00454,Treatment,2026-06-18
DON02336,Treatment,2026-06-18
DON02689,Treatment,2026-06-18
DON00477,Treatment,2026-06-18
DON02714,Treatment,2026-06-18
DON02134,Control,2026-06-18
DON01910,Treatment,2026-06-18
DON01905,Treatment,2026-06-18
DON00571,Treatment,2026-06-18
DON03436,Treatment,2026-06-18
DON01362,Treatment,2026-06-18
DON00046,Treatment,2026-06-18
DON01826,Treatment,2026-06-18
DON03079,Treatment,2026-06-18
DON01412,Treatment,2026-06-18
DON00341,Control,2026-06-18
DON01440,Treatment,2026-06-18
DON03164,Treatment,2026-06-18
DON01775,Treatment,2026-06-18
DON03465,Treatment,2026-06-18
DON01732,Treatment,2026-06-18
DON00260,Control,2026-06-18
DON00063,Treatment,2026-06-18
DON01939,Treatment,2026-06-18
DON00064,Treatment,2026-06-18
DON02158,Treatment,2026-06-18
DON01102,Control,2026-06-18
DON03383,Treatment,2026-06-18
DON02720,Treatment,2026-06-18
DON00564,Treatment,2026-06-18
DON01525,Treatment,2026-06-18
DON01128,Treatment,2026-06-18
DON01133,Treatment,2026-06-18
DON01693,Treatment,2026-06-18
DON00498,Treatment,2026-06-18
DON02092,Treatment,2026-06-18
DON00198,Treatment,2026-06-18
DON00348,Treatment,2026-06-18
DON02741,Treatment,2026-06-18
DON02740,Treatment,2026-06-18
DON01987,Treatment,2026-06-18
DON00354,Treatment,2026-06-18
DON02166,Treatment,2026-06-18
DON00072,Treatment,2026-06-18
DON02017,Treatment,2026-06-18
DON03039,Control,2026-06-18
DON00078,Treatment,2026-06-18
DON01202,Treatment,2026-06-18
DON02001,Treatment,2026-06-18
DON00925,Treatment,2026-06-18
DON03296,Treatment,2026-06-18
DON00694,Treatment,2026-06-18
DON00503,Control,2026-06-18
DON00171,Treatment,2026-06-18
DON02639,Treatment,2026-06-18
DON01670,Treatment,2026-06-18
DON01824,Treatment,2026-06-18
DON02188,Control,2026-06-18
DON02477,Treatment,2026-06-18
DON02591,Treatment,2026-06-18
DON02811,Treatment,2026-06-18
DON01464,Treatment,2026-06-18
DON01135,Treatment,2026-06-18
DON00664,Treatment,2026-06-18
DON03011,Treatment,2026-06-18
DON02877,Treatment,2026-06-18
DON00913,Treatment,2026-06-18
DON00799,Treatment,2026-06-18
DON02488,Treatment,2026-06-18
DON03170,Treatment,2026-06-18
DON03188,Treatment,2026-06-18
DON00490,Treatment,2026-06-18
DON01805,Treatment,2026-06-18
DON00528,Treatment,2026-06-18
DON01225,Treatment,2026-06-18
DON00753,Treatment,2026-06-18
DON00338,Treatment,2026-06-18
DON01041,Treatment,2026-06-18
DON00950,Treatment,2026-06-18
DON03368,Treatment,2026-06-18
DON01224,Treatment,2026-06-18
DON01756,Treatment,2026-06-18
DON01583,Treatment,2026-06-18
DON01149,Control,2026-06-18
DON00452,Treatment,2026-06-18
DON00524,Treatment,2026-06-18
DON02156,Treatment,2026-06-18
DON03077,Treatment,2026-06-18
DON01804,Treatment,2026-06-18
DON01737,Treatment,2026-06-18
DON02351,Treatment,2026-06-18
DON02401,Treatment,2026-06-18
DON02125,Treatment,2026-06-18
DON02501,Treatment,2026-06-18
DON02233,Treatment,2026-06-18
DON02567,Treatment,2026-06-18
DON03357,Treatment,2026-06-18
DON00671,Treatment,2026-06-18
DON00762,Treatment,2026-06-18
DON01524,Treatment,2026-06-18
DON02268,Treatment,2026-06-18
DON01111,Treatment,2026-06-18
DON02500,Treatment,2026-06-18
DON02847,Treatment,2026-06-18
DON02702,Treatment,2026-06-18
DON03275,Treatment,2026-06-18
DON01339,Treatment,2026-06-18
DON03289,Treatment,2026-06-18
DON01746,Treatment,2026-06-18
DON01408,Control,2026-06-18
DON02493,Treatment,2026-06-18
DON02577,Treatment,2026-06-18
DON01709,Treatment,2026-06-18
DON01711,Treatment,2026-06-18
DON01784,Treatment,2026-06-18
DON00489,Treatment,2026-06-18
DON00467,Control,2026-06-18
DON00774,Treatment,2026-06-18
DON00460,Treatment,2026-06-18
DON01600,Treatment,2026-06-18
DON02759,Treatment,2026-06-18
DON02113,Treatment,2026-06-18
DON01076,Treatment,2026-06-18
DON00103,Treatment,2026-06-18
DON02107,Treatment,2026-06-18
DON03406,Treatment,2026-06-18
DON00526,Control,2026-06-18
DON03353,Treatment,2026-06-18
DON00102,Control,2026-06-18
DON02074,Treatment,2026-06-18
DON02625,Treatment,2026-06-18
DON02529,Treatment,2026-06-18
DON00075,Treatment,2026-06-18
DON02027,Control,2026-06-18
DON03239,Treatment,2026-06-18
DON00682,Control,2026-06-18
DON01051,Treatment,2026-06-18
DON02244,Treatment,2026-06-18
DON02969,Treatment,2026-06-18
DON02418,Treatment,2026-06-18
DON02857,Treatment,2026-06-18
DON01624,Treatment,2026-06-18
DON01945,Treatment,2026-06-18
DON01295,Treatment,2026-06-18
DON02802,Treatment,2026-06-18
DON02450,Treatment,2026-06-18
DON02543,Treatment,2026-06-18
DON03425,Treatment,2026-06-18
DON02778,Treatment,2026-06-18
DON00804,Treatment,2026-06-18
DON03283,Treatment,2026-06-18
DON01029,Treatment,2026-06-18
DON00115,Control,2026-06-18
DON01515,Treatment,2026-06-18
DON01493,Treatment,2026-06-18
DON01973,Treatment,2026-06-18
DON02314,Treatment,2026-06-18
DON02438,Treatment,2026-06-18
DON00990,Treatment,2026-06-18
DON02437,Treatment,2026-06-18
DON02023,Treatment,2026-06-18
DON00643,Control,2026-06-18
DON03344,Treatment,2026-06-18
DON00242,Treatment,2026-06-18
DON02254,Treatment,2026-06-18
DON00763,Treatment,2026-06-18
DON00699,Treatment,2026-06-18
DON00181,Treatment,2026-06-18
DON02699,Treatment,2026-06-18
DON00108,Treatment,2026-06-18
DON00683,Treatment,2026-06-18
DON01606,Treatment,2026-06-18
DON00743,Control,2026-06-18
DON02955,Control,2026-06-18
DON00334,Treatment,2026-06-18
DON02322,Treatment,2026-06-18
DON00850,Treatment,2026-06-18
DON00849,Treatment,2026-06-18
DON02434,Treatment,2026-06-18
DON02091,Treatment,2026-06-18
DON02854,Treatment,2026-06-18
DON02713,Treatment,2026-06-18
DON01033,Treatment,2026-06-18
DON02867,Control,2026-06-18
DON03494,Treatment,2026-06-18
DON00387,Treatment,2026-06-18
DON00447,Control,2026-06-18
DON02503,Treatment,2026-06-18
DON01661,Treatment,2026-06-18
DON02901,Treatment,2026-06-18
DON00896,Treatment,2026-06-18
DON01520,Treatment,2026-06-18
DON02700,Treatment,2026-06-18
DON00333,Treatment,2026-06-18
DON01500,Treatment,2026-06-18
DON00235,Treatment,2026-06-18
DON01089,Treatment,2026-06-18
DON00714,Treatment,2026-06-18
DON02600,Treatment,2026-06-18
DON00717,Control,2026-06-18
DON02061,Treatment,2026-06-18
DON02976,Treatment,2026-06-18
DON02829,Treatment,2026-06-18
DON01810,Treatment,2026-06-18
DON02114,Control,2026-06-18
DON00614,Treatment,2026-06-18
DON02196,Treatment,2026-06-18
DON01364,Treatment,2026-06-18
DON02203,Treatment,2026-06-18
DON01531,Treatment,2026-06-18
DON02657,Treatment,2026-06-18
DON03252,Treatment,2026-06-18
DON01506,Treatment,2026-06-18
DON00927,Treatment,2026-06-18
DON01317,Treatment,2026-06-18
DON00500,Treatment,2026-06-18
DON02192,Control,2026-06-18
DON01610,Treatment,2026-06-18
DON02614,Treatment,2026-06-18
DON02963,Treatment,2026-06-18
DON03072,Treatment,2026-06-18
DON03298,Treatment,2026-06-18
DON00335,Treatment,2026-06-18
DON00397,Treatment,2026-06-18
DON03059,Treatment,2026-06-18
DON01300,Treatment,2026-06-18
DON00551,Treatment,2026-06-18
DON01654,Treatment,2026-06-18
DON01192,Control,2026-06-18
DON03137,Treatment,2026-06-18
DON02479,Control,2026-06-18
DON02298,Treatment,2026-06-18
DON02761,Treatment,2026-06-18
DON00892,Treatment,2026-06-18
DON02594,Treatment,2026-06-18
DON01081,Treatment,2026-06-18
DON03160,Treatment,2026-06-18
DON01354,Treatment,2026-06-18
DON02180,Treatment,2026-06-18
DON00606,Treatment,2026-06-18
DON01984,Treatment,2026-06-18
DON00331,Treatment,2026-06-18
DON02797,Treatment,2026-06-18
DON01237,Treatment,2026-06-18
DON00229,Treatment,2026-06-18
DON02632,Treatment,2026-06-18
DON01100,Treatment,2026-06-18
DON00395,Treatment,2026-06-18
DON02478,Treatment,2026-06-18
DON01894,Treatment,2026-06-18
DON01821,Treatment,2026-06-18
DON00637,Treatment,2026-06-18
DON01050,Treatment,2026-06-18
DON01188,Treatment,2026-06-18
DON01626,Control,2026-06-18
DON03408,Treatment,2026-06-18
DON00136,Control,2026-06-18
DON02101,Treatment,2026-06-18
DON00134,Treatment,2026-06-18
DON02345,Treatment,2026-06-18
DON02604,Treatment,2026-06-18
DON00629,Treatment,2026-06-18
DON01866,Treatment,2026-06-18
DON00437,Treatment,2026-06-18
DON02984,Treatment,2026-06-18
DON00842,Treatment,2026-06-18
DON01617,Treatment,2026-06-18
DON02941,Treatment,2026-06-18
DON02009,Treatment,2026-06-18
DON01047,Treatment,2026-06-18
DON00220,Control,2026-06-18
DON00150,Treatment,2026-06-18
DON01601,Control,2026-06-18
DON01565,Treatment,2026-06-18
DON02586,Treatment,2026-06-18
DON01853,Treatment,2026-06-18
DON00131,Treatment,2026-06-18
DON03467,Control,2026-06-18
DON01684,Treatment,2026-06-18
DON00039,Treatment,2026-06-18
DON00975,Treatment,2026-06-18
DON00357,Treatment,2026-06-18
DON00474,Treatment,2026-06-18
DON02397,Treatment,2026-06-18
DON01119,Treatment,2026-06-18
DON00883,Treatment,2026-06-18
DON01286,Treatment,2026-06-18
DON02954,Treatment,2026-06-18
DON03443,Treatment,2026-06-18
DON00359,Treatment,2026-06-18
DON00123,Treatment,2026-06-18
DON02391,Treatment,2026-06-18
DON01129,Treatment,2026-06-18
DON01271,Treatment,2026-06-18
DON01324,Treatment,2026-06-18
DON00067,Treatment,2026-06-18
DON00748,Treatment,2026-06-18
DON01923,Treatment,2026-06-18
DON01305,Treatment,2026-06-18
DON00353,Treatment,2026-06-18
DON01927,Treatment,2026-06-18
DON02986,Treatment,2026-06-18
DON02206,Treatment,2026-06-18
DON02742,Treatment,2026-06-18
DON01346,Treatment,2026-06-18
DON01913,Treatment,2026-06-18
DON00026,Treatment,2026-06-18
DON01850,Treatment,2026-06-18
DON01380,Treatment,2026-06-18
DON02609,Treatment,2026-06-18
DON00773,Treatment,2026-06-18
DON02570,Treatment,2026-06-18
DON03379,Treatment,2026-06-18
DON03089,Treatment,2026-06-18
DON01140,Treatment,2026-06-18
DON00324,Treatment,2026-06-18
DON02722,Treatment,2026-06-18
DON00401,Treatment,2026-06-18
DON01438,Treatment,2026-06-18
DON02803,Treatment,2026-06-18
DON01120,Treatment,2026-06-18
DON02138,Treatment,2026-06-18
DON01413,Treatment,2026-06-18
DON01165,Treatment,2026-06-18
DON02725,Control,2026-06-18
DON03184,Treatment,2026-06-18
DON01384,Control,2026-06-18
DON00621,Treatment,2026-06-18
DON01112,Treatment,2026-06-18
DON02991,Treatment,2026-06-18
DON01223,Treatment,2026-06-18
DON01212,Treatment,2026-06-18
DON00370,Treatment,2026-06-18
DON00604,Treatment,2026-06-18
DON01837,Treatment,2026-06-18
DON01399,Treatment,2026-06-18
DON01169,Treatment,2026-06-18
DON00625,Control,2026-06-18
DON01822,Treatment,2026-06-18
DON00188,Control,2026-06-18
DON02546,Treatment,2026-06-18
DON02771,Treatment,2026-06-18
DON00911,Treatment,2026-06-18
DON02672,Treatment,2026-06-18
DON02948,Treatment,2026-06-18
DON03154,Treatment,2026-06-18
DON00187,Treatment,2026-06-18
DON00236,Control,2026-06-18
DON02422,Treatment,2026-06-18
DON00545,Treatment,2026-06-18
DON03291,Treatment,2026-06-18
DON00926,Treatment,2026-06-18
DON00547,Treatment,2026-06-18
DON01739,Treatment,2026-06-18
DON03479,Treatment,2026-06-18
DON01697,Treatment,2026-06-18
DON02942,Treatment,2026-06-18
DON02332,Treatment,2026-06-18
DON02940,Treatment,2026-06-18
DON00303,Treatment,2026-06-18
DON00954,Treatment,2026-06-18
DON00953,Treatment,2026-06-18
DON00999,Treatment,2026-06-18
DON02353,Treatment,2026-06-18
DON00209,Treatment,2026-06-18
DON02788,Treatment,2026-06-18
DON01678,Treatment,2026-06-18
DON03114,Treatment,2026-06-18
DON02288,Treatment,2026-06-18
DON03141,Treatment,2026-06-18
DON00279,Treatment,2026-06-18
DON00992,Treatment,2026-06-18
DON02889,Treatment,2026-06-18
DON03306,Treatment,2026-06-18
DON02878,Treatment,2026-06-18
DON00544,Treatment,2026-06-18
DON00856,Treatment,2026-06-18
DON00702,Treatment,2026-06-18
DON02880,Treatment,2026-06-18
DON00695,Treatment,2026-06-18
DON02666,Treatment,2026-06-18
DON00806,Treatment,2026-06-18
DON01593,Treatment,2026-06-18
DON01485,Treatment,2026-06-18
DON03301,Treatment,2026-06-18
DON01586,Treatment,2026-06-18
DON02243,Treatment,2026-06-18
DON00542,Treatment,2026-06-18
DON00844,Treatment,2026-06-18
DON02214,Treatment,2026-06-18
DON03459,Treatment,2026-06-18
DON03235,Treatment,2026-06-18
DON01421,Treatment,2026-06-18
DON00004,Treatment,2026-06-18
DON02525,Treatment,2026-06-18
DON02082,Control,2026-06-18
DON02583,Treatment,2026-06-18
DON03149,Treatment,2026-06-18
DON02646,Treatment,2026-06-18
DON00154,Treatment,2026-06-18
DON00111,Treatment,2026-06-18
DON02346,Treatment,2026-06-18
DON03452,Control,2026-06-18
DON02510,Treatment,2026-06-18
DON00769,Treatment,2026-06-18
DON00705,Treatment,2026-06-18
DON01273,Treatment,2026-06-18
DON00028,Treatment,2026-06-18
DON02040,Treatment,2026-06-18
DON00902,Treatment,2026-06-18
DON01718,Treatment,2026-06-18
DON01137,Treatment,2026-06-18
DON00803,Treatment,2026-06-18
DON02844,Treatment,2026-06-18
DON01682,Treatment,2026-06-18
DON01689,Treatment,2026-06-18
DON00484,Treatment,2026-06-18
DON01730,Treatment,2026-06-18
DON00045,Control,2026-06-18
DON01210,Treatment,2026-06-18
DON00005,Treatment,2026-06-18
DON03484,Treatment,2026-06-18
DON01259,Treatment,2026-06-18
DON03111,Treatment,2026-06-18
DON01175,Treatment,2026-06-18
DON00738,Treatment,2026-06-18
DON02746,Treatment,2026-06-18
DON01007,Treatment,2026-06-18
DON03106,Treatment,2026-06-18
DON00002,Treatment,2026-06-18
DON03478,Treatment,2026-06-18
DON01343,Treatment,2026-06-18
DON02744,Treatment,2026-06-18
DON00427,Treatment,2026-06-18
DON00255,Control,2026-06-18
DON02168,Control,2026-06-18
DON01483,Treatment,2026-06-18
DON01698,Control,2026-06-18
DON00070,Treatment,2026-06-18
DON01595,Control,2026-06-18
DON03432,Treatment,2026-06-18
DON03400,Treatment,2026-06-18
DON01936,Treatment,2026-06-18
DON02377,Treatment,2026-06-18
DON02785,Treatment,2026-06-18
DON02680,Treatment,2026-06-18
DON00346,Treatment,2026-06-18
DON01229,Treatment,2026-06-18
DON00680,Treatment,2026-06-18
DON03205,Treatment,2026-06-18
DON03026,Treatment,2026-06-18
DON03288,Treatment,2026-06-18
DON01723,Treatment,2026-06-18
DON03447,Treatment,2026-06-18
DON02531,Treatment,2026-06-18
DON00360,Control,2026-06-18
DON01647,Treatment,2026-06-18
DON00431,Treatment,2026-06-18
DON02410,Treatment,2026-06-18
DON02909,Treatment,2026-06-18
DON02190,Treatment,2026-06-18
DON02264,Treatment,2026-06-18
DON02261,Treatment,2026-06-18
DON00620,Treatment,2026-06-18
DON01645,Treatment,2026-06-18
DON01236,Treatment,2026-06-18
DON02253,Control,2026-06-18
DON01239,Treatment,2026-06-18
DON02251,Treatment,2026-06-18
DON03417,Treatment,2026-06-18
DON00880,Treatment,2026-06-18
DON00875,Treatment,2026-06-18
DON00889,Treatment,2026-06-18
DON02911,Treatment,2026-06-18
DON02039,Treatment,2026-06-18
DON01649,Treatment,2026-06-18
DON00249,Treatment,2026-06-18
DON02176,Treatment,2026-06-18
DON02622,Treatment,2026-06-18
DON02379,Treatment,2026-06-18
DON00258,Treatment,2026-06-18
DON01397,Treatment,2026-06-18
DON03463,Treatment,2026-06-18
DON02996,Control,2026-06-18
DON02849,Treatment,2026-06-18
DON00626,Treatment,2026-06-18
DON01713,Treatment,2026-06-18
DON03032,Control,2026-06-18
DON00367,Treatment,2026-06-18
DON00624,Control,2026-06-18
DON01390,Control,2026-06-18
DON00907,Treatment,2026-06-18
DON03071,Control,2026-06-18
DON03359,Treatment,2026-06-18
DON00853,Treatment,2026-06-18
DON01476,Treatment,2026-06-18
DON03363,Treatment,2026-06-18
DON02229,Treatment,2026-06-18
DON01484,Treatment,2026-06-18
DON03108,Control,2026-06-18
DON00777,Treatment,2026-06-18
DON02706,Treatment,2026-06-18
DON02486,Control,2026-06-18
DON02780,Control,2026-06-18
DON01301,Control,2026-06-18
DON01303,Treatment,2026-06-18
DON01928,Control,2026-06-18
DON02225,Treatment,2026-06-18
DON00157,Treatment,2026-06-18
DON01479,Treatment,2026-06-18
DON00024,Treatment,2026-06-18
DON02223,Treatment,2026-06-18
DON02882,Treatment,2026-06-18
DON03434,Treatment,2026-06-18
DON02804,Treatment,2026-06-18
DON03299,Treatment,2026-06-18
DON00689,Treatment,2026-06-18
DON02467,Treatment,2026-06-18
DON00110,Treatment,2026-06-18
DON01884,Treatment,2026-06-18
DON01991,Treatment,2026-06-18
DON01721,Control,2026-06-18
DON01471,Treatment,2026-06-18
DON01064,Treatment,2026-06-18
DON01751,Treatment,2026-06-18
DON01264,Treatment,2026-06-18
DON03048,Treatment,2026-06-18
DON00868,Treatment,2026-06-18
DON03156,Treatment,2026-06-18
DON03424,Treatment,2026-06-18
DON01972,Treatment,2026-06-18
DON01062,Treatment,2026-06-18
DON00863,Treatment,2026-06-18
DON01277,Treatment,2026-06-18
DON00153,Treatment,2026-06-18
DON01281,Treatment,2026-06-18
DON01353,Control,2026-06-18
DON02204,Control,2026-06-18
DON02592,Treatment,2026-06-18
DON02237,Treatment,2026-06-18
DON01878,Treatment,2026-06-18
DON02207,Treatment,2026-06-18
DON01086,Treatment,2026-06-18
DON00731,Control,2026-06-18
DON00291,Control,2026-06-18
DON02128,Treatment,2026-06-18
DON00786,Treatment,2026-06-18
DON01512,Treatment,2026-06-18
DON00641,Treatment,2026-06-18
DON03454,Treatment,2026-06-18
DON03265,Treatment,2026-06-18
DON03163,Treatment,2026-06-18
DON03480,Treatment,2026-06-18
DON02372,Treatment,2026-06-18
DON02324,Control,2026-06-18
DON01167,Treatment,2026-06-18
DON01519,Treatment,2026-06-18
DON00968,Treatment,2026-06-18
DON00015,Treatment,2026-06-18
DON00663,Treatment,2026-06-18
DON00459,Treatment,2026-06-18
DON02839,Treatment,2026-06-18
DON00771,Treatment,2026-06-18
DON03129,Control,2026-06-18
DON01685,Treatment,2026-06-18
DON02116,Treatment,2026-06-18
DON03002,Treatment,2026-06-18
DON00948,Treatment,2026-06-18
DON03018,Treatment,2026-06-18
DON02656,Treatment,2026-06-18
DON01787,Treatment,2026-06-18
DON00519,Treatment,2026-06-18
DON01441,Control,2026-06-18
DON00605,Treatment,2026-06-18
DON01530,Treatment,2026-06-18
DON01508,Treatment,2026-06-18
DON00596,Treatment,2026-06-18
DON03458,Treatment,2026-06-18
DON02631,Treatment,2026-06-18
DON02316,Treatment,2026-06-18
DON01113,Treatment,2026-06-18
DON01114,Treatment,2026-06-18
DON02946,Treatment,2026-06-18
DON02085,Treatment,2026-06-18
DON00162,Treatment,2026-06-18
DON03101,Treatment,2026-06-18
DON03451,Control,2026-06-18
DON00943,Treatment,2026-06-18
DON00117,Treatment,2026-06-18
DON00582,Treatment,2026-06-18
DON00670,Treatment,2026-06-18
DON02872,Treatment,2026-06-18
DON01385,Treatment,2026-06-18
DON02688,Treatment,2026-06-18
DON02743,Treatment,2026-06-18
DON00485,Treatment,2026-06-18
DON00580,Treatment,2026-06-18
DON03028,Treatment,2026-06-18
DON02028,Treatment,2026-06-18
DON03155,Treatment,2026-06-18
DON01790,Treatment,2026-06-18
DON03389,Treatment,2026-06-18
DON02182,Treatment,2026-06-18
DON00592,Treatment,2026-06-18
DON00142,Treatment,2026-06-18
DON02057,Treatment,2026-06-18
DON01676,Treatment,2026-06-18
DON01105,Control,2026-06-18
DON02840,Treatment,2026-06-18
DON00257,Treatment,2026-06-18
DON02131,Treatment,2026-06-18
DON03266,Treatment,2026-06-18
DON02187,Treatment,2026-06-18
DON01679,Treatment,2026-06-18
DON01701,Control,2026-06-18
DON01961,Treatment,2026-06-18
DON03330,Treatment,2026-06-18
DON03355,Treatment,2026-06-18
DON01993,Treatment,2026-06-18
DON01181,Treatment,2026-06-18
DON00273,Treatment,2026-06-18
DON02806,Treatment,2026-06-18
DON03415,Treatment,2026-06-18
DON02035,Treatment,2026-06-18
DON02241,Treatment,2026-06-18
DON02150,Treatment,2026-06-18
DON00593,Control,2026-06-18
DON00996,Treatment,2026-06-18
DON01361,Control,2026-06-18
DON00657,Treatment,2026-06-18
DON01185,Treatment,2026-06-18
DON00329,Treatment,2026-06-18
DON01342,Treatment,2026-06-18
DON00903,Treatment,2026-06-18
DON00879,Treatment,2026-06-18
DON01904,Treatment,2026-06-18
DON01915,Treatment,2026-06-18
DON00541,Treatment,2026-06-18
DON03054,Treatment,2026-06-18
DON01255,Control,2026-06-18
DON01306,Treatment,2026-06-18
DON00104,Treatment,2026-06-18
DON00386,Treatment,2026-06-18
DON00942,Treatment,2026-06-18
DON01644,Treatment,2026-06-18
DON02382,Treatment,2026-06-18
DON01168,Treatment,2026-06-18
DON03195,Treatment,2026-06-18
DON03093,Treatment,2026-06-18
DON01356,Treatment,2026-06-18
DON01716,Control,2026-06-18
DON00292,Treatment,2026-06-18
DON01674,Treatment,2026-06-18
DON02982,Treatment,2026-06-18
DON02750,Treatment,2026-06-18
DON01180,Control,2026-06-18
DON02505,Treatment,2026-06-18
DON01178,Treatment,2026-06-18
DON01422,Treatment,2026-06-18
DON03277,Treatment,2026-06-18
DON01856,Treatment,2026-06-18
DON03491,Treatment,2026-06-18
DON02152,Treatment,2026-06-18
DON03281,Treatment,2026-06-18
DON02664,Control,2026-06-18
DON03279,Treatment,2026-06-18
DON02568,Treatment,2026-06-18
DON01924,Treatment,2026-06-18
DON01329,Treatment,2026-06-18
DON03199,Control,2026-06-18
DON00941,Treatment,2026-06-18
DON03287,Treatment,2026-06-18
DON02757,Treatment,2026-06-18
DON01703,Treatment,2026-06-18
DON00716,Treatment,2026-06-18
DON00231,Treatment,2026-06-18
DON00754,Treatment,2026-06-18
DON00248,Treatment,2026-06-18
DON02606,Treatment,2026-06-18
DON01615,Treatment,2026-06-18
DON03474,Control,2026-06-18
DON00508,Treatment,2026-06-18
DON01218,Treatment,2026-06-18
DON03486,Treatment,2026-06-18
DON01780,Treatment,2026-06-18
DON03068,Treatment,2026-06-18
DON00795,Control,2026-06-18
DON03437,Treatment,2026-06-18
DON03433,Treatment,2026-06-18
DON03063,Treatment,2026-06-18
DON00831,Treatment,2026-06-18
DON02108,Treatment,2026-06-18
DON01867,Treatment,2026-06-18
DON01799,Treatment,2026-06-18
DON00662,Treatment,2026-06-18
DON02299,Treatment,2026-06-18
DON02212,Treatment,2026-06-18
DON03134,Treatment,2026-06-18
DON01510,Treatment,2026-06-18
DON01712,Treatment,2026-06-18
DON01182,Treatment,2026-06-18
DON02782,Treatment,2026-06-18
DON01392,Treatment,2026-06-18
DON00931,Treatment,2026-06-18
DON03496,Treatment,2026-06-18
DON00468,Treatment,2026-06-18
DON00152,Treatment,2026-06-18
DON02242,Control,2026-06-18
DON01795,Treatment,2026-06-18
DON01760,Treatment,2026-06-18
DON01546,Treatment,2026-06-18
DON01740,Treatment,2026-06-18
DON03107,Treatment,2026-06-18
DON03276,Treatment,2026-06-18
DON02846,Treatment,2026-06-18
DON01447,Treatment,2026-06-18
DON00298,Treatment,2026-06-18
DON02647,Treatment,2026-06-18
DON01861,Treatment,2026-06-18
DON01477,Treatment,2026-06-18
DON01584,Treatment,2026-06-18
DON00572,Treatment,2026-06-18
DON00600,Treatment,2026-06-18
DON00047,Treatment,2026-06-18
DON01587,Treatment,2026-06-18
DON00584,Treatment,2026-06-18
DON00012,Treatment,2026-06-18
DON03085,Control,2026-06-18
DON01418,Treatment,2026-06-18
DON02611,Treatment,2026-06-18
DON02765,Treatment,2026-06-18
DON00602,Treatment,2026-06-18
DON02834,Treatment,2026-06-18
DON01764,Treatment,2026-06-18
DON01622,Treatment,2026-06-18
DON01641,Treatment,2026-06-18
DON00536,Treatment,2026-06-18
DON03131,Treatment,2026-06-18
DON01522,Control,2026-06-18
DON00009,Treatment,2026-06-18
DON01653,Treatment,2026-06-18
DON02789,Treatment,2026-06-18
DON01496,Control,2026-06-18
DON01839,Treatment,2026-06-18
DON03147,Treatment,2026-06-18
DON01886,Treatment,2026-06-18
DON02760,Treatment,2026-06-18
DON01394,Treatment,2026-06-18
DON03493,Treatment,2026-06-18
DON01543,Treatment,2026-06-18
DON02831,Treatment,2026-06-18
DON01466,Treatment,2026-06-18
DON00632,Treatment,2026-06-18
DON03250,Treatment,2026-06-18
DON02987,Treatment,2026-06-18
DON00645,Treatment,2026-06-18
DON01055,Control,2026-06-18
DON00647,Treatment,2026-06-18
DON02983,Treatment,2026-06-18
DON02221,Treatment,2026-06-18
DON01043,Control,2026-06-18
DON00780,Treatment,2026-06-18
DON01068,Treatment,2026-06-18
DON02979,Treatment,2026-06-18
DON03360,Treatment,2026-06-18
DON01023,Treatment,2026-06-18
DON01012,Treatment,2026-06-18
DON01008,Treatment,2026-06-18
DON02284,Control,2026-06-18
DON02235,Treatment,2026-06-18
DON02989,Treatment,2026-06-18
DON00406,Treatment,2026-06-18
DON00105,Treatment,2026-06-18
DON02098,Treatment,2026-06-18
DON01162,Treatment,2026-06-18
DON00633,Treatment,2026-06-18
DON00090,Treatment,2026-06-18
DON02115,Control,2026-06-18
DON02117,Treatment,2026-06-18
DON02825,Treatment,2026-06-18
DON01108,Control,2026-06-18
DON01104,Treatment,2026-06-18
DON03005,Treatment,2026-06-18
DON03234,Treatment,2026-06-18
DON02560,Treatment,2026-06-18
DON02173,Treatment,2026-06-18
DON01072,Treatment,2026-06-18
DON01002,Treatment,2026-06-18
DON00910,Treatment,2026-06-18
DON02908,Treatment,2026-06-18
DON02906,Treatment,2026-06-18
DON02669,Treatment,2026-06-18
DON00870,Control,2026-06-18
DON02453,Treatment,2026-06-18
DON02668,Treatment,2026-06-18
DON02461,Treatment,2026-06-18
DON00854,Treatment,2026-06-18
DON00843,Control,2026-06-18
DON00840,Treatment,2026-06-18
DON02495,Treatment,2026-06-18
DON02498,Treatment,2026-06-18
DON03216,Treatment,2026-06-18
DON03328,Treatment,2026-06-18
DON00920,Control,2026-06-18
DON00794,Treatment,2026-06-18
DON02313,Treatment,2026-06-18
DON00974,Treatment,2026-06-18
DON02325,Treatment,2026-06-18
DON00232,Treatment,2026-06-18
DON02939,Treatment,2026-06-18
DON00967,Treatment,2026-06-18
DON00668,Treatment,2026-06-18
DON00960,Treatment,2026-06-18
DON02936,Treatment,2026-06-18
DON00958,Treatment,2026-06-18
DON02871,Treatment,2026-06-18
DON00938,Treatment,2026-06-18
DON02809,Treatment,2026-06-18
DON03208,Treatment,2026-06-18
DON00138,Treatment,2026-06-18
DON00139,Treatment,2026-06-18
DON02389,Treatment,2026-06-18
DON02827,Treatment,2026-06-18
DON02215,Treatment,2026-06-18
DON02136,Treatment,2026-06-18
DON01197,Treatment,2026-06-18
DON00522,Treatment,2026-06-18
DON01925,Treatment,2026-06-18
DON01976,Treatment,2026-06-18
DON02059,Control,2026-06-18
DON01968,Treatment,2026-06-18
DON01955,Treatment,2026-06-18
DON01954,Treatment,2026-06-18
DON00254,Control,2026-06-18
DON02011,Treatment,2026-06-18
DON00365,Treatment,2026-06-18
DON02018,Treatment,2026-06-18
DON00364,Treatment,2026-06-18
DON00076,Treatment,2026-06-18
DON03058,Treatment,2026-06-18
DON03042,Treatment,2026-06-18
DON02031,Treatment,2026-06-18
DON02036,Control,2026-06-18
DON03419,Treatment,2026-06-18
DON00747,Treatment,2026-06-18
DON02072,Treatment,2026-06-18
DON02365,Treatment,2026-06-18
DON00514,Treatment,2026-06-18
DON00735,Treatment,2026-06-18
DON02432,Treatment,2026-06-18
DON02541,Treatment,2026-06-18
DON00646,Treatment,2026-06-18
DON01872,Treatment,2026-06-18
DON00587,Treatment,2026-06-18
DON03314,Treatment,2026-06-18
DON00084,Treatment,2026-06-18
DON02216,Treatment,2026-06-18
DON02073,Control,2026-06-18
DON00221,Treatment,2026-06-18
DON02824,Treatment,2026-06-18
DON01747,Treatment,2026-06-18
DON01001,Treatment,2026-06-18
DON00722,Treatment,2026-06-18
DON01656,Treatment,2026-06-18
DON00147,Treatment,2026-06-18
DON02734,Treatment,2026-06-18
DON03095,Treatment,2026-06-18
DON01098,Control,2026-06-18
DON02289,Treatment,2026-06-18
DON02132,Treatment,2026-06-18
DON00557,Treatment,2026-06-18
DON01731,Treatment,2026-06-18
DON01365,Treatment,2026-06-18
DON03016,Treatment,2026-06-18
DON01231,Treatment,2026-06-18
DON01668,Treatment,2026-06-18
DON01554,Treatment,2026-06-18
DON03135,Treatment,2026-06-18
DON02224,Treatment,2026-06-18
DON03243,Treatment,2026-06-18
DON01750,Treatment,2026-06-18
DON02013,Treatment,2026-06-18
DON01326,Treatment,2026-06-18
DON02333,Treatment,2026-06-18
DON02020,Treatment,2026-06-18
DON00140,Treatment,2026-06-18
DON00472,Treatment,2026-06-18
DON02917,Treatment,2026-06-18
DON00700,Treatment,2026-06-18
DON00971,Treatment,2026-06-18
DON00023,Treatment,2026-06-18
DON00980,Treatment,2026-06-18
DON01060,Control,2026-06-18
DON01551,Control,2026-06-18
DON03370,Treatment,2026-06-18
DON02334,Treatment,2026-06-18
DON01743,Treatment,2026-06-18
DON00414,Control,2026-06-18
DON00552,Treatment,2026-06-18
DON00016,Treatment,2026-06-18
DON00930,Treatment,2026-06-18
DON00266,Treatment,2026-06-18
DON02296,Treatment,2026-06-18
DON00133,Treatment,2026-06-18
DON00783,Treatment,2026-06-18
DON02279,Treatment,2026-06-18
DON01006,Treatment,2026-06-18
DON01999,Treatment,2026-06-18
DON00661,Treatment,2026-06-18
DON00336,Treatment,2026-06-18
DON03273,Treatment,2026-06-18
DON00199,Treatment,2026-06-18
DON01982,Treatment,2026-06-18
DON00962,Treatment,2026-06-18
DON01370,Treatment,2026-06-18
DON03123,Treatment,2026-06-18
DON03233,Treatment,2026-06-18
DON03202,Treatment,2026-06-18
DON00456,Treatment,2026-06-18
DON02927,Treatment,2026-06-18
DON00419,Treatment,2026-06-18
DON00175,Treatment,2026-06-18
DON00444,Treatment,2026-06-18
DON02378,Treatment,2026-06-18
DON00599,Treatment,2026-06-18
DON00470,Treatment,2026-06-18
DON03047,Treatment,2026-06-18
DON01026,Treatment,2026-06-18
DON00307,Treatment,2026-06-18
DON02968,Treatment,2026-06-18
DON00934,Treatment,2026-06-18
DON01018,Treatment,2026-06-18
DON03120,Treatment,2026-06-18
DON01247,Treatment,2026-06-18
DON01267,Treatment,2026-06-18
DON00071,Treatment,2026-06-18
DON02766,Treatment,2026-06-18
DON02701,Treatment,2026-06-18
DON01695,Control,2026-06-18
DON01882,Treatment,2026-06-18
DON02068,Treatment,2026-06-18
DON01153,Treatment,2026-06-18
DON02464,Treatment,2026-06-18
DON01809,Treatment,2026-06-18
DON02610,Treatment,2026-06-18
DON00761,Treatment,2026-06-18
DON00043,Treatment,2026-06-18
DON02459,Treatment,2026-06-18
DON02456,Treatment,2026-06-18
DON00200,Treatment,2026-06-18
DON03088,Treatment,2026-06-18
DON02119,Treatment,2026-06-18
DON01620,Treatment,2026-06-18
DON03236,Treatment,2026-06-18
DON02521,Treatment,2026-06-18
DON00245,Treatment,2026-06-18
DON02799,Treatment,2026-06-18
DON03009,Treatment,2026-06-18
DON00143,Treatment,2026-06-18
DON03082,Treatment,2026-06-18
DON01117,Treatment,2026-06-18
DON01154,Treatment,2026-06-18
DON01835,Treatment,2026-06-18
DON01401,Treatment,2026-06-18
DON02496,Treatment,2026-06-18
DON03181,Treatment,2026-06-18
DON00372,Treatment,2026-06-18
DON03404,Treatment,2026-06-18
DON00377,Treatment,2026-06-18
DON01176,Treatment,2026-06-18
DON02756,Treatment,2026-06-18
DON00827,Treatment,2026-06-18
DON02798,Treatment,2026-06-18
DON03285,Treatment,2026-06-18
DON02483,Treatment,2026-06-18
DON00846,Treatment,2026-06-18
DON03304,Treatment,2026-06-18
DON02516,Treatment,2026-06-18
DON00197,Treatment,2026-06-18
DON00744,Treatment,2026-06-18
DON02096,Treatment,2026-06-18
DON03020,Treatment,2026-06-18
DON02893,Treatment,2026-06-18
DON03221,Treatment,2026-06-18
DON03171,Treatment,2026-06-18
DON03031,Treatment,2026-06-18
DON00888,Treatment,2026-06-18
DON01078,Treatment,2026-06-18
DON02855,Treatment,2026-06-18
DON02184,Control,2026-06-18
DON03319,Treatment,2026-06-18
DON01935,Treatment,2026-06-18
DON01458,Treatment,2026-06-18
DON01771,Treatment,2026-06-18
DON00893,Treatment,2026-06-18
DON01079,Control,2026-06-18
DON02411,Treatment,2026-06-18
DON01388,Treatment,2026-06-18
DON00603,Treatment,2026-06-18
DON01386,Treatment,2026-06-18
DON03242,Treatment,2026-06-18
DON02916,Treatment,2026-06-18
DON01467,Control,2026-06-18
DON00918,Treatment,2026-06-18
DON03103,Treatment,2026-06-18
DON01297,Treatment,2026-06-18
DON00097,Treatment,2026-06-18
DON01779,Treatment,2026-06-18
DON03003,Treatment,2026-06-18
DON01439,Treatment,2026-06-18
DON00639,Treatment,2026-06-18
DON02440,Treatment,2026-06-18
DON02054,Treatment,2026-06-18
DON01080,Treatment,2026-06-18
DON02655,Treatment,2026-06-18
DON01793,Treatment,2026-06-18
DON02905,Treatment,2026-06-18
DON01443,Treatment,2026-06-18
DON01577,Treatment,2026-06-18
DON03317,Treatment,2026-06-18
DON00640,Treatment,2026-06-18
DON01630,Treatment,2026-06-18
DON00546,Treatment,2026-06-18
DON01632,Treatment,2026-06-18
DON01581,Treatment,2026-06-18
DON03380,Treatment,2026-06-18
DON03035,Treatment,2026-06-18
DON00607,Treatment,2026-06-18
DON02513,Treatment,2026-06-18
DON01266,Treatment,2026-06-18
DON03342,Treatment,2026-06-18
DON03126,Treatment,2026-06-18
DON02933,Treatment,2026-06-18
DON01650,Treatment,2026-06-18
DON01400,Treatment,2026-06-18
DON00192,Treatment,2026-06-18
DON03044,Treatment,2026-06-18
DON01201,Control,2026-06-18
DON00642,Treatment,2026-06-18
DON01190,Treatment,2026-06-18
DON00243,Treatment,2026-06-18
DON01858,Treatment,2026-06-18
DON01579,Treatment,2026-06-18
DON01943,Treatment,2026-06-18
DON02037,Treatment,2026-06-18
DON02399,Treatment,2026-06-18
DON03372,Treatment,2026-06-18
DON01048,Treatment,2026-06-18
DON00882,Treatment,2026-06-18
DON03098,Treatment,2026-06-18
DON01028,Treatment,2026-06-18
DON02297,Treatment,2026-06-18
DON01801,Treatment,2026-06-18
DON01253,Control,2026-06-18
DON03218,Treatment,2026-06-18
DON00056,Treatment,2026-06-18
DON02305,Treatment,2026-06-18
DON03223,Treatment,2026-06-18
DON01897,Treatment,2026-06-18
DON00022,Treatment,2026-06-18
DON03464,Treatment,2026-06-18
DON01198,Treatment,2026-06-18
DON03268,Treatment,2026-06-18
DON01774,Treatment,2026-06-18
DON00030,Treatment,2026-06-18
DON00618,Control,2026-06-18
DON01498,Treatment,2026-06-18
DON02808,Treatment,2026-06-18
DON00715,Treatment,2026-06-18
DON00616,Treatment,2026-06-18
DON02273,Treatment,2026-06-18
DON03475,Treatment,2026-06-18
DON02376,Treatment,2026-06-18
DON00906,Treatment,2026-06-18
DON00315,Treatment,2026-06-18
DON01576,Treatment,2026-06-18
DON00692,Treatment,2026-06-18
DON01066,Treatment,2026-06-18
DON00781,Treatment,2026-06-18
DON00793,Treatment,2026-06-18
DON02151,Treatment,2026-06-18
DON03174,Treatment,2026-06-18
DON02447,Treatment,2026-06-18
DON00441,Treatment,2026-06-18
DON03483,Treatment,2026-06-18
DON01521,Treatment,2026-06-18
DON00924,Treatment,2026-06-18
DON03060,Treatment,2026-06-18
DON02736,Treatment,2026-06-18
DON01082,Treatment,2026-06-18
DON00488,Treatment,2026-06-18
DON02046,Treatment,2026-06-18
DON00223,Treatment,2026-06-18
DON03354,Treatment,2026-06-18
DON02053,Treatment,2026-06-18
DON02441,Control,2026-06-18
DON01414,Control,2026-06-18
DON00014,Treatment,2026-06-18
DON02910,Treatment,2026-06-18
DON00649,Treatment,2026-06-18
DON00701,Treatment,2026-06-18
DON00144,Treatment,2026-06-18
DON03196,Treatment,2026-06-18
DON02398,Control,2026-06-18
DON00311,Treatment,2026-06-18
DON02902,Treatment,2026-06-18
DON00325,Treatment,2026-06-18
DON03365,Treatment,2026-06-18
DON02282,Control,2026-06-18
DON01283,Treatment,2026-06-18
DON00394,Treatment,2026-06-18
DON02573,Treatment,2026-06-18
DON01170,Treatment,2026-06-18
DON02887,Treatment,2026-06-18
DON01592,Treatment,2026-06-18
DON03378,Treatment,2026-06-18
DON02007,Treatment,2026-06-18
DON03318,Treatment,2026-06-18
DON02271,Treatment,2026-06-18
DON02094,Treatment,2026-06-18
DON01614,Treatment,2026-06-18
DON02294,Treatment,2026-06-18
DON02186,Treatment,2026-06-18
DON01042,Treatment,2026-06-18
DON00583,Treatment,2026-06-18
DON01504,Treatment,2026-06-18
DON00092,Treatment,2026-06-18
DON01719,Treatment,2026-06-18
DON01745,Treatment,2026-06-18
DON02197,Treatment,2026-06-18
DON03237,Treatment,2026-06-18
DON00180,Treatment,2026-06-18
DON01841,Control,2026-06-18
DON01243,Treatment,2026-06-18
DON01829,Treatment,2026-06-18
DON02715,Treatment,2026-06-18
DON02774,Treatment,2026-06-18
DON01349,Treatment,2026-06-18
DON01833,Treatment,2026-06-18
DON00779,Control,2026-06-18
DON01030,Control,2026-06-18
DON03180,Treatment,2026-06-18
DON00318,Treatment,2026-06-18
DON00570,Treatment,2026-06-18
DON00867,Control,2026-06-18
DON01862,Control,2026-06-18
DON02532,Treatment,2026-06-18
DON00330,Treatment,2026-06-18
DON02619,Treatment,2026-06-18
DON00320,Treatment,2026-06-18
DON02228,Treatment,2026-06-18
DON02943,Treatment,2026-06-18
DON00613,Treatment,2026-06-18
DON02366,Treatment,2026-06-18
DON01146,Treatment,2026-06-18
DON02463,Control,2026-06-18
DON02120,Treatment,2026-06-18
DON00501,Treatment,2026-06-18
DON02443,Treatment,2026-06-18
DON01284,Treatment,2026-06-18
DON00798,Treatment,2026-06-18
DON03407,Treatment,2026-06-18
DON01472,Treatment,2026-06-18
DON01722,Treatment,2026-06-18
DON02371,Treatment,2026-06-18
DON00233,Treatment,2026-06-18
DON01097,Treatment,2026-06-18
