{
  "metrics": {
    "accuracy": 0.6061592388582875,
    "precision": 0.756642766765078,
    "recall": 0.6430107526881721,
    "f1": 0.6952141057934509,
    "roc_auc": 0.5908051417616309,
    "pr_auc": 0.7478219417546605,
    "confusion_matrix": [
      [
        627,
        577
      ],
      [
        996,
        1794
      ]
    ],
    "positive_rate_train": 0.6986730095142714,
    "positive_rate_test": 0.6985478217325989
  },
  "cv_metrics": {
    "accuracy": {
      "mean": 0.6144839304216342,
      "std": 0.010367629102706366
    },
    "precision": {
      "mean": 0.7611545926617886,
      "std": 0.009720444175575254
    },
    "recall": {
      "mean": 0.6533796169224423,
      "std": 0.014547199896083962
    },
    "f1": {
      "mean": 0.7030472936425578,
      "std": 0.0093727704350494
    },
    "roc_auc": {
      "mean": 0.6038460087499519,
      "std": 0.018169326803229628
    },
    "average_precision": {
      "mean": 0.7564814455154755,
      "std": 0.010423838717338745
    }
  }
}