{
  "metrics": {
    "accuracy": 0.686529794692038,
    "precision": 0.7064983888292159,
    "recall": 0.943010752688172,
    "f1": 0.8077985876573534,
    "roc_auc": 0.6005010181116708,
    "pr_auc": 0.7569417709426777,
    "confusion_matrix": [
      [
        111,
        1093
      ],
      [
        159,
        2631
      ]
    ],
    "positive_rate_train": 0.6986730095142714,
    "positive_rate_test": 0.6985478217325989
  },
  "cv_metrics": {
    "accuracy": {
      "mean": 0.6940405553890721,
      "std": 0.005493866402780609
    },
    "precision": {
      "mean": 0.7129883159541263,
      "std": 0.0011217757646814785
    },
    "recall": {
      "mean": 0.9407810425886065,
      "std": 0.010376504276853984
    },
    "f1": {
      "mean": 0.8111767331333702,
      "std": 0.004410297885462222
    },
    "roc_auc": {
      "mean": 0.5980063791058354,
      "std": 0.011656722354302453
    },
    "average_precision": {
      "mean": 0.7524328130539767,
      "std": 0.007459679336678093
    }
  }
}