model,roc_auc,pr_auc,f1,recall,precision,accuracy,cv_roc_auc_mean,cv_roc_auc_std
random_forest,0.6051108015099013,0.7577761065509137,0.7583988563259471,0.760573476702509,0.7562366357804704,0.6614922383575363,0.6051198532987315,0.013609294811047643
xgboost,0.6005010181116708,0.7569417709426777,0.8077985876573534,0.943010752688172,0.7064983888292159,0.686529794692038,0.5980063791058354,0.011656722354302453
catboost,0.5994675752271401,0.7508679614249818,0.7418647166361975,0.7272401433691756,0.7570895522388059,0.6464697045568353,0.6049871626247592,0.014784642129004152
lightgbm,0.5936414163064576,0.7452624821636789,0.7248421834385443,0.6996415770609319,0.7519260400616333,0.628943415122684,0.5986730102097558,0.010022746268640284
logistic_regression,0.5908051417616309,0.7478219417546605,0.6952141057934509,0.6430107526881721,0.756642766765078,0.6061592388582875,0.6038460087499519,0.018169326803229628
