{
  "metrics": {
    "accuracy": 0.6464697045568353,
    "precision": 0.7570895522388059,
    "recall": 0.7272401433691756,
    "f1": 0.7418647166361975,
    "roc_auc": 0.5994675752271401,
    "pr_auc": 0.7508679614249818,
    "confusion_matrix": [
      [
        553,
        651
      ],
      [
        761,
        2029
      ]
    ],
    "positive_rate_train": 0.6986730095142714,
    "positive_rate_test": 0.6985478217325989
  },
  "cv_metrics": {
    "accuracy": {
      "mean": 0.6473452535544235,
      "std": 0.007376601004601204
    },
    "precision": {
      "mean": 0.7595688946305919,
      "std": 0.008920858108214106
    },
    "recall": {
      "mean": 0.7248711892482749,
      "std": 0.008137222114579675
    },
    "f1": {
      "mean": 0.7417495115693635,
      "std": 0.004865309493034916
    },
    "roc_auc": {
      "mean": 0.6049871626247592,
      "std": 0.014784642129004152
    },
    "average_precision": {
      "mean": 0.7554932524196405,
      "std": 0.007591431449280337
    }
  }
}