{
  "metrics": {
    "accuracy": 0.628943415122684,
    "precision": 0.7519260400616333,
    "recall": 0.6996415770609319,
    "f1": 0.7248421834385443,
    "roc_auc": 0.5936414163064576,
    "pr_auc": 0.7452624821636789,
    "confusion_matrix": [
      [
        560,
        644
      ],
      [
        838,
        1952
      ]
    ],
    "positive_rate_train": 0.6986730095142714,
    "positive_rate_test": 0.6985478217325989
  },
  "cv_metrics": {
    "accuracy": {
      "mean": 0.6325728561327637,
      "std": 0.008857025035497809
    },
    "precision": {
      "mean": 0.7536835377055238,
      "std": 0.007818528638220724
    },
    "recall": {
      "mean": 0.7043544053277089,
      "std": 0.007174439864365558
    },
    "f1": {
      "mean": 0.7281646456140342,
      "std": 0.006437688867569357
    },
    "roc_auc": {
      "mean": 0.5986730102097558,
      "std": 0.010022746268640284
    },
    "average_precision": {
      "mean": 0.7520395247807491,
      "std": 0.00471791685062615
    }
  }
}