{
  "metrics": {
    "accuracy": 0.6614922383575363,
    "precision": 0.7562366357804704,
    "recall": 0.760573476702509,
    "f1": 0.7583988563259471,
    "roc_auc": 0.6051108015099013,
    "pr_auc": 0.7577761065509137,
    "confusion_matrix": [
      [
        520,
        684
      ],
      [
        668,
        2122
      ]
    ],
    "positive_rate_train": 0.6986730095142714,
    "positive_rate_test": 0.6985478217325989
  },
  "cv_metrics": {
    "accuracy": {
      "mean": 0.6654973842498741,
      "std": 0.010385367781906449
    },
    "precision": {
      "mean": 0.7556918619962972,
      "std": 0.007372076632189307
    },
    "recall": {
      "mean": 0.7702930304153887,
      "std": 0.011092329922928674
    },
    "f1": {
      "mean": 0.7628891620184692,
      "std": 0.007845710045641307
    },
    "roc_auc": {
      "mean": 0.6051198532987315,
      "std": 0.013609294811047643
    },
    "average_precision": {
      "mean": 0.756796330360619,
      "std": 0.0074380707218117854
    }
  }
}